puzzle,label
0 0 0 2 0 0 0 0 0 1 8 0 0 0 9 0 7 4 3 7 0 0 6 0 0 9 5 4 0 0 0 1 6 0 0 9 0 2 0 9 0 5 0 4 0 9 0 0 4 2 0 0 0 1 2 1 0 0 4 0 0 5 8 8 9 0 5 0 0 0 1 7 0 0 0 0 0 1 0 0 0,valid
4 0 8 0 0 0 3 0 7 0 2 0 0 8 0 0 1 0 0 9 0 4 0 3 0 2 0 0 0 5 0 2 8 7 0 0 0 8 0 0 9 0 0 3 0 0 0 9 5 3 0 1 0 0 0 5 0 9 0 1 0 7 0 0 7 0 0 5 0 0 6 0 9 0 2 0 0 0 5 0 1,valid
0 2 0 0 5 0 0 7 0 5 4 0 0 2 7 9 0 0 0 0 0 0 0 8 0 0 8 0 0 5 0 0 0 0 0 0 0 7 4 0 0 0 8 0 0 0 0 0 0 0 0 1 5 0 0 3 0 0 8 2 4 0 6 0 0 0 0 4 9 0 0 1 0 0 0 0 3 0 0 0 0,invalid
0 7 0 0 5 9 0 6 0 0 0 5 0 0 0 2 0 0 0 6 0 7 2 0 0 3 0 5 0 0 9 0 0 6 0 0 2 0 7 0 0 0 3 0 9 0 0 1 0 0 7 0 0 8 0 6 0 0 1 3 0 2 0 0 0 3 0 0 0 9 0 0 0 2 0 5 9 0 0 8 0,invalid
0 0 8 0 0 0 3 0 1 0 0 0 6 0 0 8 0 0 2 4 0 0 0 0 0 6 0 0 0 0 0 0 1 0 0 0 0 8 1 0 2 7 5 0 0 9 5 0 8 0 0 0 7 0 0 0 0 2 0 0 0 0 0 3 1 0 0 0 0 0 0 6 8 0 7 0 0 3 0 9 0,valid
6 0 0 0 0 8 3 0 0 0 0 4 0 0 0 0 0 5 8 0 0 0 9 3 6 0 0 4 0 0 0 0 0 0 2 0 0 0 0 8 0 6 0 0 0 0 0 9 7 1 0 0 0 0 0 1 0 0 0 7 0 0 0 0 7 0 0 3 0 0 2 0 3 0 0 0 0 0 9 0 0,invalid
0 0 1 0 0 4 7 0 0 3 7 0 0 0 5 0 6 2 0 0 0 7 0 0 0 0 0 0 5 0 4 0 3 0 0 0 4 0 2 0 0 0 6 0 9 0 0 0 8 0 2 0 5 0 0 0 0 0 0 8 0 0 0 1 6 0 3 0 0 0 7 8 0 0 9 6 0 0 1 0 0,valid
0 0 4 2 0 1 5 0 0 8 1 0 0 0 0 0 4 2 0 0 3 4 0 0 6 0 0 2 0 0 0 0 7 0 0 3 0 6 0 0 0 0 0 9 0 0 0 0 5 0 0 0 0 0 0 0 6 0 0 8 2 0 0 3 8 0 0 0 0 0 6 4 0 0 2 6 0 4 1 0 0,valid
0 0 4 0 7 0 0 0 2 9 1 0 0 0 0 0 8 0 8 2 0 9 0 0 5 0 0 0 0 0 2 5 6 0 0 0 0 0 0 4 0 3 0 0 0 5 0 0 7 9 1 0 0 8 0 0 1 5 0 0 0 0 9 0 3 0 0 0 0 1 7 0 7 0 0 0 3 0 8 2 0,valid
0 6 0 0 0 0 7 0 5 7 0 0 0 4 0 0 0 2 9 0 0 0 0 4 8 0 0 0 0 0 5 0 6 0 0 0 0 5 0 0 0 0 0 1 0 0 0 0 3 0 7 0 0 0 0 0 8 0 0 9 0 0 7 3 0 0 0 2 0 0 0 8 5 0 2 0 0 0 0 9 0,invalid
0 0 0 2 0 0 0 0 0 2 4 0 0 0 3 0 7 1 0 0 1 0 4 7 5 0 0 0 8 2 4 0 6 7 1 0 0 3 0 0 0 0 0 8 0 0 0 0 8 0 9 0 0 0 0 0 3 0 6 8 1 0 0 7 6 0 0 0 1 0 8 5 0 0 0 7 0 0 0 0 0,invalid
6 0 2 0 0 0 0 0 0 0 3 0 0 8 0 0 0 0 0 7 0 6 0 9 0 0 2 0 0 4 0 3 0 5 0 0 0 1 0 5 0 8 0 7 0 0 0 3 0 4 0 2 0 0 2 0 0 3 0 5 0 0 9 0 0 0 0 6 0 2 1 0 0 0 0 0 0 0 0 0 3,invalid
0 0 0 6 0 0 0 0 0 0 6 0 0 5 0 0 0 0 3 0 0 2 0 0 6 0 5 0 0 0 0 9 2 0 0 8 1 8 0 0 4 0 0 0 2 0 0 0 0 0 0 0 2 0 0 4 2 0 0 6 0 1 3 0 1 0 7 0 0 5 8 0 0 0 0 0 0 0 0 4 0,invalid
0 0 0 9 0 0 0 1 0 0 0 0 6 4 0 0 0 2 0 0 2 0 0 3 5 0 0 9 0 5 0 0 0 0 0 0 0 2 3 0 9 0 0 0 4 6 0 0 0 1 0 0 7 0 0 8 0 0 3 0 0 0 0 0 0 0 4 0 1 0 5 9 0 0 0 2 0 6 0 0 0,valid
3 0 0 0 0 0 5 1 0 0 0 0 6 0 3 0 8 0 0 2 8 1 0 0 0 0 0 0 9 0 2 0 0 4 3 0 0 0 0 0 0 0 0 0 0 0 4 1 0 0 7 0 6 0 8 0 0 0 0 6 9 4 0 9 6 0 4 0 5 0 0 0 0 0 0 0 0 0 0 0 6,valid
0 0 5 0 9 0 7 0 0 1 6 0 4 0 2 0 9 8 0 8 0 0 0 0 0 2 0 0 9 0 0 2 1 0 8 0 0 0 0 7 5 9 0 0 0 0 0 0 4 8 0 0 0 0 0 1 0 0 0 0 0 7 0 6 7 0 2 0 8 0 3 4 0 0 8 0 7 0 9 0 0,invalid
0 5 4 0 0 0 3 2 0 0 0 3 0 0 2 7 0 0 1 0 0 0 7 0 0 0 6 0 9 0 6 4 3 0 0 0 0 0 6 7 0 4 2 0 0 0 0 0 2 5 1 0 6 0 2 0 0 0 9 0 0 0 3 0 0 1 4 0 0 6 0 0 0 4 5 0 0 0 1 7 0,invalid
0 5 0 0 9 0 0 8 6 0 0 0 0 0 0 0 3 0 1 3 0 0 2 0 0 0 5 3 6 0 0 0 0 4 0 0 0 0 0 8 0 0 0 0 0 8 0 0 0 7 0 9 1 0 0 0 6 0 0 1 0 0 0 0 0 0 0 0 0 0 2 0 0 0 1 9 5 0 6 0 0,valid
8 0 4 0 0 6 9 0 0 0 1 3 0 0 0 0 0 0 5 0 0 2 0 1 0 0 0 3 0 7 0 1 0 4 0 8 0 0 1 6 0 8 7 0 0 0 8 0 0 9 0 0 1 0 6 0 0 9 0 1 0 7 5 0 0 0 0 0 0 0 8 0 0 0 0 0 0 4 3 0 9,invalid
0 0 0 0 4 1 0 0 0 0 0 6 7 2 0 9 3 0 0 0 0 0 0 6 0 6 0 5 0 0 0 0 0 0 0 7 0 0 7 0 0 0 5 0 0 2 0 4 0 0 0 8 0 9 0 3 0 0 0 9 0 7 0 0 1 9 2 5 0 0 0 0 0 0 0 0 1 4 0 0 0,invalid
0 0 7 0 0 0 2 0 0 9 0 0 0 7 0 0 0 1 0 0 0 0 4 5 6 0 9 0 0 0 9 0 0 0 2 0 0 0 0 0 0 7 4 5 0 3 0 0 0 6 0 0 0 0 8 0 1 0 0 0 0 0 0 0 0 4 3 0 9 0 0 8 0 0 5 0 0 0 3 0 0,valid
0 0 4 0 0 0 0 7 0 0 0 2 8 0 0 0 5 0 0 0 0 6 0 7 0 0 2 0 0 0 0 6 0 7 0 8 0 0 0 2 0 0 0 0 0 0 0 0 5 0 9 0 6 0 6 3 0 0 0 0 0 0 0 3 0 0 0 9 0 4 0 0 0 7 0 0 0 0 8 2 0,invalid
0 6 5 0 0 0 0 0 8 0 0 0 0 0 0 0 2 0 0 0 0 1 6 0 0 0 9 0 0 3 0 9 0 0 5 1 0 2 0 0 0 0 7 0 0 0 0 0 8 0 0 4 0 0 1 0 0 0 4 3 0 0 0 9 0 0 3 5 0 0 0 0 0 0 2 0 0 0 0 7 0,invalid
2 0 0 0 8 0 0 0 5 4 3 0 0 0 0 0 9 1 0 0 0 1 0 3 0 0 0 0 0 2 0 3 1 4 0 0 8 0 0 0 2 0 0 0 6 0 0 1 5 6 0 2 0 0 0 0 0 6 0 4 0 0 0 1 7 0 0 0 0 0 6 8 3 0 0 0 1 0 0 0 4,valid
9 0 0 0 0 0 0 0 1 0 2 0 1 4 0 0 8 0 0 0 8 6 0 2 7 0 0 0 0 1 0 0 6 0 0 0 8 7 0 0 2 0 0 3 9 0 0 0 9 0 0 5 0 0 0 0 5 8 0 7 1 0 0 0 8 0 0 1 9 0 6 0 1 0 0 0 0 0 0 0 7,valid
0 0 6 8 0 2 0 0 0 2 0 0 0 0 5 0 0 0 0 7 8 0 0 0 4 0 0 1 0 0 0 0 7 0 8 0 0 8 5 0 2 0 7 3 0 0 2 0 3 0 0 0 0 1 0 0 1 0 0 0 3 0 6 0 0 0 6 0 0 5 0 0 0 0 0 5 0 1 0 2 0,valid
0 0 0 0 0 1 0 2 0 0 1 0 0 0 0 4 0 5 0 0 0 3 6 0 0 7 0 1 0 0 0 0 3 0 0 2 0 0 0 0 0 0 0 0 0 5 3 2 7 0 0 1 6 9 0 9 0 6 8 0 0 0 0 2 0 8 0 0 0 0 5 0 0 4 0 0 0 7 0 0 0,valid
0 0 2 0 0 5 1 0 0 8 0 0 3 0 0 0 0 5 0 0 0 7 1 8 0 0 0 3 0 5 0 7 0 9 6 0 0 0 9 6 0 3 8 0 0 0 8 7 0 5 0 3 0 1 0 0 0 5 3 2 0 0 0 6 0 0 0 0 7 0 0 6 0 0 8 1 0 0 5 0 0,invalid
0 0 0 0 7 0 0 0 0 0 0 0 5 0 3 0 0 8 0 0 3 0 2 9 0 4 0 0 1 7 0 0 0 0 1 0 5 0 6 0 0 0 4 0 9 0 8 0 0 0 0 6 7 0 0 2 0 9 3 0 5 0 0 7 0 0 8 0 5 0 0 0 0 0 0 0 4 0 0 0 0,invalid
9 4 0 6 0 8 0 0 0 0 0 3 0 0 0 2 0 6 5 0 0 0 0 7 0 0 0 0 0 0 0 0 0 0 0 7 4 0 0 3 1 0 0 0 0 0 3 0 0 8 5 0 0 0 0 0 7 5 9 0 0 0 0 0 0 1 0 0 0 0 3 0 0 0 0 0 0 0 9 2 0,valid
1 6 0 5 0 0 0 4 0 4 8 0 0 0 0 7 0 0 5 0 0 0 0 3 0 0 1 0 0 0 7 0 9 0 0 0 6 0 0 0 1 0 0 0 4 0 0 0 4 0 6 0 0 0 0 4 0 2 0 0 0 0 9 3 0 0 0 0 0 0 8 2 0 0 6 0 0 4 0 3 5,valid
0 0 4 0 5 0 1 0 9 1 0 0 4 0 0 0 2 0 0 0 0 0 6 0 0 0 0 0 0 0 5 9 0 0 9 0 3 0 5 1 0 8 2 0 6 0 1 0 0 4 3 0 0 0 0 0 0 0 1 0 0 0 0 0 4 0 0 0 5 0 0 3 8 0 6 0 2 0 9 0 0,invalid
5 0 0 0 0 8 7 0 0 0 3 0 0 0 0 0 6 0 0 0 0 7 0 0 0 5 1 0 1 0 9 8 3 0 0 6 0 0 0 1 0 6 0 0 0 6 0 0 8 4 7 0 1 0 9 5 0 0 0 2 0 0 0 0 8 0 0 0 0 0 7 0 0 0 2 6 0 0 0 0 9,invalid
8 0 1 0 0 0 4 0 0 3 0 0 0 0 0 3 0 0 0 2 0 0 8 0 9 0 1 0 0 0 0 6 5 0 0 0 0 0 2 7 9 1 8 0 0 0 0 0 3 2 0 0 0 0 1 8 9 0 5 0 0 3 0 0 0 0 0 0 0 0 0 4 0 0 4 0 0 0 1 0 8,invalid
0 0 3 1 0 0 4 0 0 0 7 0 0 0 0 0 1 0 0 9 8 0 0 5 6 3 0 8 4 0 2 0 1 0 7 6 0 0 5 0 4 0 1 0 0 0 0 0 5 0 7 0 0 0 0 2 6 0 0 8 9 4 0 0 8 0 0 0 0 0 5 0 0 0 5 9 0 0 7 0 0,invalid
5 0 0 0 0 0 0 6 0 0 2 0 0 6 0 0 0 7 0 3 0 0 5 9 8 0 0 0 0 4 0 7 1 0 0 0 0 4 6 5 0 2 9 7 0 0 0 0 4 3 0 1 0 0 0 0 2 1 4 0 0 0 0 4 0 0 0 9 0 7 1 0 0 1 0 0 0 0 0 0 5,invalid
0 0 0 0 0 6 0 0 0 0 4 9 0 9 0 0 0 0 0 6 0 0 0 7 9 0 0 0 0 0 2 8 5 0 4 0 5 0 0 0 0 0 0 1 8 0 0 4 0 0 0 6 0 0 0 0 1 3 0 0 0 2 0 0 0 0 0 2 0 0 0 0 2 9 0 0 4 0 8 5 0,invalid
0 0 0 6 0 9 0 0 0 0 0 8 0 1 3 0 0 7 0 1 0 4 0 0 0 7 0 3 7 0 0 0 0 9 0 8 0 5 0 0 0 0 0 6 0 6 0 1 0 0 0 0 3 5 0 3 0 0 0 5 0 9 0 4 0 0 7 8 0 3 0 0 0 0 0 3 0 2 0 0 0,invalid
5 0 3 0 0 1 8 0 4 0 4 0 2 0 0 0 3 0 6 0 0 0 0 0 0 0 9 0 0 6 0 5 0 2 0 0 0 5 0 4 0 6 0 9 0 4 0 0 0 9 0 0 0 6 2 0 0 0 0 0 0 0 7 0 5 0 6 0 0 0 8 0 7 0 1 0 0 5 9 0 2,invalid
7 0 0 4 0 0 5 0 0 0 0 9 6 7 0 0 0 0 0 9 6 0 0 0 0 7 0 6 0 0 0 0 0 0 0 5 0 0 0 0 1 0 0 3 0 4 0 0 5 0 0 0 1 0 0 0 0 0 0 0 0 0 2 0 0 7 0 9 2 0 0 0 0 0 0 0 8 0 3 6 7,invalid
5 0 0 0 6 0 0 0 4 0 0 6 1 0 0 3 0 0 0 3 0 0 5 2 0 6 0 0 5 0 2 0 0 0 8 0 3 0 0 0 0 0 0 0 1 6 1 0 0 0 5 0 2 3 0 9 0 3 2 0 0 5 0 0 0 5 0 0 6 9 0 0 2 0 0 0 1 0 0 0 8,valid
0 0 0 0 0 0 0 8 6 0 0 0 0 0 8 2 0 0 0 0 0 3 6 0 0 9 4 8 0 0 0 1 0 0 0 9 0 9 0 5 0 3 0 4 0 1 2 4 0 8 0 5 3 7 0 1 0 8 9 0 0 0 0 6 0 9 0 0 4 0 0 0 3 0 2 0 0 0 0 0 0,valid
0 0 8 5 0 0 2 0 7 2 0 0 0 0 3 1 4 0 0 0 0 0 4 0 0 0 0 0 0 0 0 2 0 0 6 1 0 0 0 0 0 1 7 0 4 0 0 3 0 0 0 0 0 0 7 0 8 9 0 0 0 0 0 1 0 0 0 6 0 3 7 0 9 0 4 0 0 0 0 0 2,invalid
3 4 0 0 1 0 0 0 2 5 0 0 2 0 4 0 0 0 0 2 0 0 0 0 6 0 0 0 5 0 0 3 0 0 2 0 2 0 0 1 0 5 0 0 9 0 3 0 0 9 0 0 6 0 0 0 2 0 0 0 0 8 0 0 0 0 7 0 9 0 0 8 8 0 0 0 5 0 0 9 6,invalid
0 5 4 0 2 0 3 7 0 0 0 0 9 0 0 0 0 0 1 0 0 0 8 3 0 0 4 0 0 7 0 0 0 0 5 0 5 0 1 0 6 0 7 0 2 0 2 0 0 0 0 1 0 0 2 0 0 8 3 0 0 0 7 0 0 0 0 0 2 0 0 0 0 3 6 0 4 0 9 2 0,valid
0 0 4 6 9 5 0 1 3 0 5 0 0 3 0 0 0 0 0 0 0 0 0 0 0 8 0 0 1 0 0 0 0 0 0 4 0 0 3 0 5 0 9 0 0 6 4 0 0 9 0 0 0 0 0 3 0 7 0 0 0 9 0 0 0 9 2 0 0 0 4 5 0 0 0 0 0 0 0 6 0,invalid
0 0 1 0 0 0 0 0 0 0 0 0 5 7 0 0 9 0 0 3 0 0 0 0 0 2 1 0 0 3 0 6 0 0 0 0 0 0 5 0 0 2 0 1 8 0 4 0 0 8 0 0 0 0 4 0 0 7 0 0 0 0 0 0 9 2 3 0 0 1 0 6 0 0 0 0 0 0 0 7 2,valid
7 0 0 8 0 0 0 9 0 1 0 0 0 4 3 0 8 0 0 0 0 0 7 0 0 0 3 3 6 0 0 0 0 0 5 9 0 0 4 0 3 0 1 0 0 5 0 1 0 0 0 4 0 2 0 0 0 0 8 0 0 0 0 6 5 0 0 9 2 0 0 0 0 0 9 3 0 0 0 7 8,valid
6 0 0 0 0 1 0 3 0 0 7 3 0 4 0 1 0 0 0 0 0 0 0 6 0 7 0 5 0 0 0 0 2 0 0 1 0 0 0 0 0 0 0 0 0 8 0 2 5 0 0 9 0 3 0 3 0 0 0 9 0 0 0 0 0 9 0 4 0 6 8 0 0 8 0 0 0 5 0 0 2,invalid
0 0 6 0 4 0 7 0 0 8 0 0 0 6 0 0 0 4 0 0 0 1 0 7 0 0 0 0 0 3 2 0 0 1 0 0 2 6 0 0 0 0 0 3 9 0 0 8 0 0 3 2 0 0 0 0 0 3 0 9 0 0 0 4 0 0 0 5 0 0 0 7 0 0 1 0 4 0 5 0 0,invalid
0 0 0 1 0 5 0 0 4 0 2 0 0 3 0 8 0 0 0 0 4 0 6 0 0 1 0 9 0 0 0 0 0 0 0 6 0 4 1 0 0 0 2 9 0 2 0 0 0 0 0 0 0 5 0 1 0 0 5 0 6 0 0 0 0 8 0 7 0 0 5 0 5 0 0 9 0 3 0 0 0,valid
2 0 0 4 7 0 0 0 9 0 5 0 0 2 3 0 1 0 0 0 0 1 0 0 0 0 0 0 0 9 7 0 0 8 0 0 6 0 7 0 0 0 3 0 1 0 0 5 0 0 4 2 0 0 0 0 0 0 0 8 0 0 0 0 1 0 5 9 0 0 2 0 7 0 0 0 4 1 0 0 5,valid
5 2 0 0 0 0 0 0 0 0 0 0 7 0 0 4 6 0 6 0 0 0 0 9 0 0 0 0 4 0 0 0 0 8 3 0 8 0 2 4 0 0 1 0 5 0 0 0 3 0 0 0 0 9 0 0 8 0 1 0 0 0 0 0 1 0 0 7 0 0 0 2 0 0 6 0 0 0 0 0 7,valid
0 0 0 0 0 0 4 0 8 0 2 0 8 4 0 0 0 0 1 8 4 6 0 0 0 5 3 0 0 0 0 1 0 0 0 0 0 0 1 2 0 5 2 0 0 0 9 0 0 8 0 0 4 0 2 0 0 4 0 0 8 0 0 0 0 7 3 2 0 5 6 0 6 0 8 0 0 0 7 0 0,invalid
0 0 5 0 3 0 2 0 0 0 2 0 0 0 5 0 4 0 9 7 0 2 8 0 0 0 0 0 8 0 0 0 3 4 0 0 4 0 6 0 0 0 7 0 5 0 0 7 3 0 0 0 6 0 8 0 0 0 5 2 0 0 9 0 6 0 7 0 0 5 2 0 0 0 0 0 9 0 6 0 0,invalid
0 2 0 9 0 0 0 8 0 7 3 8 0 0 0 5 2 9 5 0 0 0 8 0 0 0 6 0 0 0 0 0 1 0 0 3 0 0 6 0 4 0 9 0 0 9 0 0 3 0 0 0 0 0 1 0 0 0 6 0 0 0 8 2 5 9 0 0 0 6 4 7 0 6 0 0 0 7 0 9 0,valid
0 0 9 4 0 6 0 0 0 0 2 0 5 0 3 6 0 0 0 0 0 0 7 0 0 0 5 3 6 0 0 4 0 0 7 8 0 0 4 0 0 0 5 0 0 9 1 0 0 8 0 0 6 3 1 0 0 0 2 0 0 0 0 0 0 6 5 0 1 0 8 0 0 0 0 9 0 8 3 0 0,invalid
0 0 9 0 0 6 2 0 0 0 0 4 3 0 0 8 0 0 5 0 0 0 1 8 0 0 6 2 0 8 0 0 0 0 4 0 0 0 5 0 8 0 1 0 0 0 9 0 0 0 0 7 0 5 3 0 0 7 1 0 0 0 8 0 0 1 0 0 2 5 0 0 0 0 7 5 0 0 3 0 0,invalid
0 0 0 0 1 2 6 9 0 3 0 1 0 9 0 0 7 0 0 9 0 0 4 0 0 0 0 0 3 2 0 0 1 0 0 0 0 0 0 0 0 0 0 0 0 0 0 0 0 0 0 0 8 6 7 0 6 4 0 0 0 0 2 9 0 0 0 6 0 0 4 7 0 5 0 0 0 8 0 0 0,valid
0 0 0 8 0 4 0 0 0 9 7 0 5 0 6 0 2 7 0 8 0 0 0 0 0 9 0 3 5 0 1 0 0 0 8 4 0 0 0 0 5 0 0 0 0 1 6 0 0 0 8 0 3 9 0 2 0 0 0 0 0 5 0 4 3 0 2 0 9 0 7 6 0 0 0 6 0 5 0 0 0,invalid
0 0 8 6 0 3 9 0 0 0 0 3 0 0 0 1 0 0 2 9 0 0 1 0 0 5 3 9 0 0 1 0 0 0 0 8 0 0 6 0 0 0 6 0 0 3 0 0 0 0 5 0 0 4 6 4 0 0 8 0 0 3 9 0 0 5 0 0 0 8 0 0 0 0 9 3 0 6 7 0 0,invalid
0 0 0 0 0 9 0 0 0 0 2 0 7 1 0 0 6 0 5 1 0 2 6 0 0 0 9 8 0 0 0 0 0 9 7 0 0 9 2 0 0 0 1 8 0 0 4 7 0 0 0 0 0 2 0 0 0 0 3 1 0 9 1 0 8 0 0 9 7 0 4 0 0 0 3 8 0 0 0 0 0,invalid
0 0 0 0 0 7 0 0 8 0 8 0 5 3 0 1 9 0 0 0 9 0 0 8 2 0 0 6 0 5 0 0 2 0 8 0 0 2 0 0 0 0 0 6 0 0 1 0 4 0 0 9 0 2 0 0 1 7 0 0 5 0 0 0 9 4 0 5 1 0 2 0 9 0 0 3 0 0 0 0 0,invalid
0 9 1 0 0 0 0 0 0 4 0 0 0 8 0 0 0 2 5 0 0 2 0 7 0 0 1 0 0 9 0 2 0 6 0 0 0 5 0 7 0 6 0 8 0 0 0 6 0 4 0 7 0 0 0 0 0 8 0 3 0 0 7 0 0 0 0 6 0 0 0 8 0 3 5 0 0 0 1 2 0,valid
0 0 4 0 0 0 0 0 6 0 3 0 7 1 0 0 0 0 0 0 9 5 0 4 1 0 0 0 0 6 0 0 1 3 2 0 0 2 0 0 7 0 0 9 0 0 4 1 2 0 0 8 0 0 0 0 2 1 0 7 6 0 8 0 0 0 0 6 9 0 5 0 8 0 0 0 0 0 0 0 0,valid
0 3 1 0 0 0 8 4 0 8 0 0 2 0 9 0 0 6 6 0 0 0 2 0 0 0 7 0 6 0 0 9 4 0 8 0 0 0 8 6 0 7 4 0 0 0 4 0 5 1 0 0 6 0 4 0 0 0 5 0 0 0 8 5 0 0 4 0 1 0 0 3 0 2 9 0 0 0 1 5 0,invalid
0 0 4 0 9 0 0 0 3 2 8 6 0 0 0 5 0 0 0 0 7 6 0 0 0 8 0 4 9 0 8 1 0 0 2 0 0 0 0 0 0 0 4 0 0 5 0 0 0 6 9 0 0 0 0 0 0 0 0 0 0 0 0 0 0 9 3 0 0 0 0 7 0 2 1 0 0 0 0 0 8,valid
0 0 8 1 0 0 7 0 0 0 3 0 0 9 5 0 8 0 6 0 0 0 0 4 0 0 1 8 0 0 0 0 0 0 0 9 5 9 1 0 0 0 8 4 2 0 0 0 0 0 0 0 0 0 2 0 0 0 0 7 0 0 4 0 8 0 0 2 9 0 5 0 0 0 7 4 0 0 2 0 0,valid
8 0 0 0 1 0 0 4 0 0 0 2 5 0 0 0 0 0 0 0 0 8 9 0 0 1 2 0 0 0 0 0 0 1 2 0 9 0 1 0 0 0 7 0 6 0 5 8 0 0 0 0 0 0 0 0 0 0 5 4 0 5 0 6 0 3 0 0 8 0 0 0 0 0 5 0 2 0 0 0 3,invalid
0 7 4 0 0 0 1 5 0 6 0 0 1 0 7 0 0 9 0 0 0 0 5 0 0 0 0 0 2 0 4 0 8 0 3 0 0 0 1 0 0 0 4 0 0 0 9 0 6 0 9 0 8 0 0 0 0 0 2 0 0 0 0 3 0 0 7 0 6 0 0 5 0 4 7 0 0 0 3 6 0,invalid
0 5 1 0 0 4 0 0 0 8 0 0 9 2 0 0 5 4 9 0 0 3 0 0 0 0 0 1 0 0 0 0 0 0 0 0 0 2 9 0 0 0 0 8 5 0 0 0 0 0 6 9 4 0 0 7 5 0 0 0 0 0 9 2 0 0 0 0 0 0 0 7 0 0 0 0 0 0 3 0 0,valid
0 0 0 0 0 0 3 0 0 0 0 0 8 0 0 6 2 0 0 0 0 1 0 0 0 0 0 0 0 0 0 0 0 2 0 0 0 0 1 4 7 6 0 0 0 0 6 4 0 0 0 0 6 0 0 0 9 0 1 0 0 0 0 2 8 0 5 0 4 9 0 0 0 5 0 6 0 0 0 0 4,invalid
0 7 0 0 9 0 0 4 0 0 5 4 0 0 6 8 9 0 0 0 2 3 0 0 6 0 0 0 0 0 0 8 4 0 0 0 0 3 0 9 0 2 0 7 0 0 0 0 6 5 0 0 0 0 0 0 1 0 0 7 2 0 0 0 2 3 4 0 0 5 1 0 0 8 0 0 2 0 0 3 0,valid
0 0 0 0 0 4 0 0 0 0 0 0 5 1 0 0 0 0 1 5 0 0 3 0 0 7 8 0 0 2 0 0 0 0 6 3 0 6 9 0 0 0 7 5 0 7 8 0 0 0 0 2 0 0 4 2 0 0 6 0 0 9 5 0 0 0 1 9 0 0 0 0 0 0 0 0 0 2 0 0 0,valid
0 0 0 0 0 0 0 0 0 0 9 0 1 0 6 0 2 0 0 7 6 5 0 4 9 8 0 0 6 1 0 0 9 5 3 0 0 0 0 0 8 0 0 0 0 0 2 9 3 0 0 8 4 0 0 8 5 7 0 2 6 9 0 0 4 0 9 0 3 0 5 0 0 0 0 0 0 0 0 0 0,valid
0 0 0 0 0 0 0 0 0 0 0 8 1 0 0 3 2 0 9 0 0 0 0 1 0 0 0 0 9 0 0 0 7 0 0 5 0 0 1 3 0 0 0 7 0 8 0 0 0 1 0 2 0 0 0 0 0 9 4 5 0 0 0 3 6 0 0 7 0 0 0 0 0 5 0 0 0 0 1 0 7,invalid
7 0 0 0 0 0 0 6 0 6 0 3 0 0 0 0 0 0 0 0 9 8 6 5 0 0 0 0 0 2 9 0 3 4 0 0 0 0 8 0 2 0 9 0 0 0 0 1 7 0 6 6 0 0 0 0 0 4 3 8 7 0 0 0 0 0 0 0 0 1 0 8 0 2 0 0 0 0 0 0 3,invalid
2 0 0 0 0 0 0 0 1 0 8 0 0 0 0 0 5 0 0 4 5 2 6 0 3 7 0 7 1 0 0 2 0 0 0 0 0 0 0 6 0 8 0 0 0 0 0 0 0 4 0 0 9 3 0 2 6 0 9 8 4 3 0 0 7 0 0 0 0 0 6 0 4 0 0 0 0 0 0 0 5,invalid
3 0 0 9 0 1 8 0 0 0 0 0 0 3 0 0 1 2 0 0 0 0 4 0 0 6 0 6 0 0 2 1 0 0 0 3 0 1 2 0 0 0 5 4 0 4 0 0 0 9 5 0 0 6 0 6 0 0 8 0 0 0 0 5 3 0 0 7 0 0 0 0 0 0 9 1 0 3 0 0 8,valid
0 3 6 0 0 0 9 7 0 7 8 0 0 2 0 0 5 6 0 0 0 0 0 6 0 0 0 0 6 0 0 5 0 0 2 0 8 0 0 0 0 0 0 0 7 0 0 1 0 9 0 3 0 0 0 0 0 7 0 0 0 0 0 3 5 0 0 7 0 0 4 9 0 4 2 0 0 0 7 8 0,invalid
2 1 0 7 0 0 0 5 6 0 0 6 0 9 2 4 0 0 0 0 0 5 0 0 0 0 0 0 0 0 0 2 9 0 3 0 0 2 0 6 0 4 0 9 0 0 5 0 1 3 0 0 0 0 0 0 0 4 0 0 0 0 0 0 0 5 0 1 3 2 0 0 9 3 0 2 0 0 0 8 1,valid
0 0 0 0 2 0 0 0 0 2 0 1 6 0 3 4 0 8 0 0 0 4 0 7 0 0 0 0 9 7 0 0 0 6 8 0 4 0 0 0 0 0 0 0 1 0 2 5 0 0 0 7 3 0 0 0 0 3 0 1 0 0 0 6 0 3 9 0 5 1 0 7 0 0 0 0 4 0 0 0 0,valid
9 0 0 7 0 0 0 0 6 6 0 0 0 9 8 0 0 3 0 8 7 3 0 0 9 5 0 5 0 8 0 0 0 6 0 9 0 7 0 0 0 0 0 1 0 0 0 9 0 0 0 2 0 0 0 2 4 0 0 9 3 6 0 1 0 0 8 7 0 0 0 2 7 0 0 0 0 4 0 0 8,valid
0 0 6 4 1 9 0 7 0 0 0 0 0 0 0 0 0 0 0 8 0 5 0 0 0 0 9 0 1 7 0 0 0 0 0 0 0 0 0 0 0 0 1 0 0 8 0 2 9 0 0 4 0 6 6 0 0 0 2 4 0 0 8 0 0 0 8 0 0 0 0 0 0 7 0 0 6 0 0 2 5,valid
0 0 0 5 0 1 0 0 8 0 0 0 0 0 0 4 0 0 8 0 0 7 1 0 0 2 5 6 0 0 0 0 0 5 0 4 0 0 4 0 5 0 3 0 0 5 0 3 0 0 0 0 0 7 0 4 0 0 8 6 0 0 0 0 0 6 0 0 0 0 0 0 7 0 2 1 0 9 8 0 0,invalid
0 0 0 9 0 0 0 0 0 1 0 0 0 0 6 0 0 2 0 3 9 0 5 0 7 1 0 0 2 0 0 8 0 0 0 4 0 0 4 2 0 5 6 0 0 7 0 0 0 6 0 0 2 0 0 7 6 0 3 0 5 4 0 5 0 0 6 0 0 0 0 9 0 0 0 0 0 4 0 0 0,valid
0 0 0 0 0 0 0 0 7 0 0 0 3 0 9 1 0 8 0 0 0 0 1 0 0 5 6 0 7 0 6 0 2 0 4 0 0 0 3 0 0 0 4 0 0 0 4 0 9 0 5 0 7 0 0 6 0 0 5 0 0 0 0 0 0 9 2 0 4 0 0 0 4 3 7 0 0 0 0 0 0,invalid
0 5 0 2 3 0 0 0 0 0 0 0 0 0 1 0 0 0 0 0 1 5 8 0 3 9 0 0 6 0 0 0 0 8 0 5 4 0 2 0 0 0 9 0 1 5 0 8 0 0 0 0 4 0 0 7 4 0 1 9 6 0 0 0 0 0 5 0 0 0 0 0 0 0 0 0 6 2 0 7 0,invalid
0 0 4 6 0 3 0 0 9 0 0 0 0 4 0 0 6 0 0 0 0 7 0 1 4 0 0 4 0 7 0 1 0 3 0 2 0 1 0 9 0 2 0 8 0 8 0 9 0 7 0 5 0 6 0 0 8 1 0 6 0 0 3 0 3 0 0 5 0 0 0 0 6 0 0 4 0 7 0 0 0,valid
1 0 0 9 0 6 0 0 0 0 0 0 0 0 0 0 0 0 0 0 6 0 8 0 0 0 4 0 0 8 4 6 0 0 7 2 0 3 0 0 0 0 5 8 0 0 7 0 5 0 0 0 6 0 0 2 0 0 0 0 1 9 7 9 0 0 0 0 0 0 0 0 0 6 3 0 0 0 0 0 8,valid
2 0 0 0 0 0 0 0 4 0 0 0 4 0 7 0 0 0 0 4 8 3 0 6 1 5 0 0 1 2 0 5 0 4 6 0 0 0 0 2 0 4 0 0 0 0 3 1 0 6 0 5 9 0 0 9 4 6 0 2 7 1 0 0 0 0 5 0 1 0 0 0 5 0 0 0 0 0 0 0 3,invalid
0 2 0 0 0 7 8 6 0 0 0 0 0 0 0 0 9 0 0 0 0 0 2 6 7 5 3 0 0 6 0 5 0 0 7 8 0 0 0 6 0 3 0 0 0 2 1 0 0 7 0 5 0 0 6 0 5 0 3 2 0 0 0 1 4 8 0 0 0 0 0 0 0 0 2 0 0 9 0 8 0,valid
0 0 1 9 0 0 0 0 0 7 8 0 0 0 5 0 0 3 0 0 0 0 8 3 0 5 0 0 9 3 2 0 0 0 0 4 0 0 8 0 0 0 8 0 0 6 0 0 0 0 8 3 2 0 0 0 0 5 2 0 0 0 0 0 0 9 8 0 0 0 6 5 0 3 0 0 0 6 9 0 0,invalid
7 8 5 0 0 0 0 9 0 0 0 1 0 0 5 0 0 0 0 9 0 0 0 0 3 0 0 0 0 0 4 6 7 8 0 0 7 0 0 0 0 0 9 0 0 0 6 0 0 0 0 0 0 0 0 0 3 0 0 9 5 2 0 0 5 0 0 4 3 0 0 0 0 0 0 7 0 2 0 0 1,invalid
9 0 0 0 0 7 0 0 8 0 2 0 0 4 0 0 0 0 5 0 0 1 0 9 0 6 0 7 0 0 0 0 0 6 0 0 0 0 0 0 7 0 0 9 0 0 0 0 3 0 1 0 0 0 2 0 0 0 5 0 3 0 0 0 0 5 4 0 0 0 4 0 0 0 6 8 1 0 0 5 0,invalid
7 0 0 0 5 0 0 1 0 0 0 3 2 0 0 0 0 5 0 0 0 3 0 0 2 9 0 3 0 0 0 0 6 0 0 1 1 0 9 0 3 0 7 0 6 0 0 0 9 0 0 0 0 0 0 0 5 0 0 5 0 0 0 6 0 4 0 0 2 1 0 0 0 2 0 0 7 0 0 0 9,invalid
4 0 0 0 0 8 0 2 0 0 8 0 4 0 0 0 0 7 0 0 0 0 3 6 0 8 4 5 0 6 0 0 0 8 0 1 1 7 0 0 0 0 0 5 6 0 0 0 0 0 0 0 0 0 0 0 0 9 7 0 0 0 0 2 0 7 0 0 1 0 3 0 0 5 1 6 0 0 0 0 2,valid
7 0 4 0 1 0 0 0 0 0 5 1 7 0 2 0 0 0 0 0 0 0 0 0 0 6 0 0 0 0 9 0 4 2 0 0 0 0 7 0 3 0 4 5 0 0 0 0 0 0 0 0 7 0 0 0 0 5 0 0 8 0 2 0 0 8 0 2 0 0 0 3 3 4 0 0 0 8 0 0 0,valid
0 0 5 0 0 0 0 7 0 8 0 0 9 0 7 0 0 0 0 0 0 1 5 0 0 0 3 0 6 0 0 7 0 2 5 0 0 0 7 5 0 8 6 0 0 0 5 9 0 1 0 0 8 0 1 0 0 0 8 5 0 0 4 0 0 0 7 0 4 0 0 0 0 8 0 0 0 0 0 6 0,valid
3 0 0 8 0 6 0 4 0 7 0 2 0 0 0 0 5 0 6 0 0 0 4 0 0 0 0 9 0 0 0 0 1 0 0 6 0 0 1 0 0 0 7 0 0 2 0 0 6 0 0 0 0 5 0 0 0 0 9 0 0 6 0 1 7 0 0 0 0 0 0 0 0 0 0 1 0 5 7 2 9,invalid
0 0 4 9 0 8 2 0 0 1 0 8 0 7 2 5 0 4 0 0 0 4 1 0 0 0 0 0 0 2 0 0 0 0 0 7 8 0 5 0 0 0 6 0 9 7 0 0 0 0 0 4 0 0 0 0 0 0 3 7 0 0 0 2 0 7 8 6 0 1 0 5 0 0 1 2 0 5 7 0 0,valid
1 0 0 0 0 0 0 0 2 0 0 0 6 0 0 0 0 0 8 2 0 0 3 9 0 1 5 0 0 1 0 8 0 0 7 0 0 0 8 7 0 3 2 0 0 0 7 0 0 2 0 4 0 0 5 8 0 3 7 0 0 2 4 0 0 0 0 0 6 0 0 0 7 0 0 0 0 0 0 0 7,invalid
0 0 0 0 8 0 0 9 0 0 0 0 0 9 0 0 5 2 0 5 0 2 0 4 0 0 7 0 0 2 6 0 5 8 0 0 5 8 0 0 0 0 0 7 3 0 0 7 3 0 8 5 0 0 8 0 0 1 0 9 0 4 0 9 4 0 0 3 0 0 0 0 0 2 0 0 5 0 0 0 0,valid
0 9 0 7 5 0 4 0 0 3 2 0 0 0 0 0 0 7 0 0 6 0 1 3 0 0 0 4 0 0 0 0 0 0 1 0 0 0 0 0 0 9 0 0 0 0 0 7 0 3 1 6 0 0 6 0 0 0 0 0 3 2 0 0 0 8 0 9 7 0 4 0 0 0 0 0 6 0 0 0 0,valid
0 0 7 0 0 0 0 0 0 0 6 0 8 6 9 0 0 0 8 0 0 7 0 3 6 1 0 0 1 6 0 0 8 7 5 0 0 7 0 0 0 0 0 8 0 0 5 8 2 0 0 9 4 0 0 2 4 3 0 7 0 0 9 0 0 0 5 2 6 0 3 0 0 0 0 0 0 0 8 0 0,invalid
4 0 0 7 0 0 9 0 0 0 0 8 0 5 0 0 6 0 1 0 7 0 0 0 0 0 8 6 0 0 4 0 0 5 2 0 0 0 4 0 7 0 6 0 0 0 1 7 0 0 8 0 0 4 8 0 0 0 0 0 1 7 0 0 3 0 0 1 0 0 0 0 0 0 1 8 0 0 2 0 6,invalid
0 7 2 0 0 0 3 1 0 0 0 0 7 0 0 0 0 0 1 0 0 0 0 2 0 0 9 0 0 7 0 2 9 0 0 6 0 8 0 1 0 4 0 3 0 6 0 0 3 7 0 5 0 0 7 0 0 0 0 6 0 0 8 0 0 0 9 0 0 0 0 0 0 9 4 0 0 0 6 7 0,valid
0 3 0 0 0 8 0 1 0 8 0 0 0 0 0 5 0 0 7 4 0 0 0 0 0 0 0 5 8 4 0 0 7 0 6 0 0 0 0 0 8 1 7 0 0 0 0 0 0 6 0 2 5 0 0 0 0 0 1 0 3 0 0 0 0 0 0 5 4 0 9 0 9 7 0 0 0 6 0 0 0,valid
0 5 0 2 0 1 8 0 0 4 0 0 0 5 0 3 0 0 0 0 0 0 9 0 0 1 5 1 0 0 0 0 5 0 0 8 0 6 5 4 0 7 9 2 0 7 0 0 1 0 0 0 0 2 2 7 0 0 1 0 0 0 0 0 0 6 0 7 0 0 0 4 0 0 1 6 0 3 0 8 0,invalid
7 1 0 0 0 0 0 0 3 0 6 0 7 0 8 0 0 0 0 0 9 0 3 0 0 0 7 0 4 0 0 0 9 0 3 0 0 0 5 0 0 0 4 0 0 0 7 0 9 0 0 0 6 0 0 0 0 0 8 0 3 0 0 0 0 0 3 0 5 0 9 2 5 0 6 0 0 0 0 0 8,invalid
0 0 0 0 0 0 0 4 0 3 7 0 0 0 9 0 6 0 0 0 0 0 0 0 0 0 0 0 0 0 0 2 0 0 0 7 0 5 0 0 0 0 0 0 0 0 0 6 4 0 8 0 0 3 0 1 0 0 7 5 0 0 0 0 2 0 8 0 1 7 0 0 0 0 0 2 0 0 0 5 4,valid
7 0 0 2 0 0 0 0 9 0 4 0 0 0 0 0 1 0 3 0 5 8 0 0 7 0 2 8 0 0 0 9 0 0 0 6 0 0 0 7 0 2 0 0 0 0 7 0 0 1 0 0 3 0 9 0 4 5 0 0 1 0 7 0 5 0 0 0 0 0 9 0 1 0 0 3 0 0 0 0 8,valid
0 0 0 0 0 0 9 0 0 0 0 0 6 2 9 0 1 0 6 0 0 1 0 4 0 0 0 0 1 9 0 6 0 8 4 0 0 4 0 7 0 8 0 2 0 0 2 6 0 4 0 3 7 0 1 0 0 2 0 7 0 0 0 0 7 0 4 3 6 0 0 0 0 0 0 0 0 0 4 0 0,valid
0 8 0 0 0 0 0 0 0 0 0 9 2 0 7 1 5 0 0 0 0 6 4 0 0 7 0 0 0 7 0 0 4 6 0 0 9 0 6 7 1 0 0 0 0 2 5 0 0 0 0 0 0 0 0 0 0 0 0 0 9 0 1 0 0 0 0 0 8 0 3 0 4 0 8 0 0 0 0 0 7,valid
3 1 0 2 0 9 0 8 5 0 0 0 0 0 0 0 0 0 0 0 0 9 7 6 0 0 0 4 0 5 3 0 7 1 0 6 0 0 1 0 0 0 8 0 0 7 0 8 1 0 4 9 0 3 0 0 0 6 5 8 0 0 0 0 0 0 0 0 0 0 0 0 5 8 0 4 0 2 0 7 9,invalid
5 0 2 6 7 0 0 1 0 0 0 0 3 0 0 8 5 0 0 0 0 0 0 5 0 0 2 0 0 0 7 0 6 0 0 0 0 0 6 0 9 0 3 0 0 0 4 0 5 0 3 0 2 0 0 5 0 0 0 9 0 0 4 2 6 0 8 0 0 0 0 0 0 0 8 2 5 0 0 0 3,valid
0 4 0 0 0 5 0 7 0 5 0 0 6 7 0 0 0 9 0 9 0 0 1 0 0 5 0 0 0 4 9 0 6 0 1 2 7 0 0 0 0 0 0 0 7 9 1 0 7 0 8 5 0 0 0 6 0 0 2 0 0 9 0 4 0 0 0 6 7 0 0 1 0 2 0 1 0 0 0 3 0,invalid
0 0 0 6 0 3 0 0 0 0 0 0 0 7 0 0 3 0 7 9 0 5 8 2 0 0 0 3 0 7 2 0 0 9 0 5 0 5 1 0 0 0 7 2 0 6 0 9 0 0 7 3 0 1 0 0 0 3 6 5 0 0 0 0 9 0 0 2 0 8 0 0 0 0 0 1 0 8 5 0 0,invalid
1 4 8 0 0 0 0 0 0 0 0 0 0 0 0 0 0 7 0 0 0 0 0 5 0 0 0 7 0 2 0 0 5 0 0 4 4 6 0 0 0 7 9 0 0 0 0 5 6 0 3 0 0 0 2 0 0 7 0 0 0 8 0 0 0 9 0 1 0 0 0 0 3 1 0 0 0 0 0 9 0,invalid
0 0 7 6 5 0 0 0 8 0 0 0 8 0 0 2 0 0 0 0 0 0 0 4 0 8 9 0 0 4 0 9 0 0 5 3 1 0 0 5 0 6 0 0 2 5 6 0 0 2 0 8 0 0 7 8 0 4 0 0 0 0 0 0 0 6 0 0 1 0 0 0 3 0 0 0 6 5 4 0 0,invalid
0 4 1 0 0 0 0 5 0 9 0 2 0 5 0 0 0 1 0 5 6 2 8 0 7 0 0 0 1 9 0 0 4 0 0 0 0 0 0 7 0 0 0 0 0 0 0 0 0 0 0 1 0 8 0 0 0 0 0 0 0 0 0 0 0 0 0 0 0 6 1 2 0 0 0 0 2 3 9 8 0,valid
7 0 0 2 0 4 1 0 0 0 0 0 0 0 0 0 3 0 0 0 0 6 5 9 0 0 2 2 0 4 0 7 0 8 0 5 0 0 7 4 0 3 2 0 0 1 0 9 0 2 0 4 0 3 9 0 0 3 6 2 0 0 0 0 4 0 0 0 0 0 0 0 0 0 2 8 0 5 0 0 7,valid
0 5 3 0 6 0 4 7 0 0 0 0 0 0 0 0 0 0 7 6 0 3 0 8 0 5 1 0 0 7 8 5 0 1 0 0 3 0 0 0 0 0 0 0 6 0 0 2 0 1 6 7 0 0 4 3 0 2 0 7 0 1 5 0 0 0 0 0 0 0 0 0 0 7 5 0 9 0 8 4 0,valid
0 0 0 0 6 4 0 0 0 5 0 4 0 0 8 6 0 9 1 0 0 7 9 0 0 0 2 9 2 0 0 0 0 8 0 0 3 0 8 0 0 0 7 0 4 0 0 7 0 0 0 0 2 6 6 0 0 0 4 1 0 0 7 7 0 1 9 0 0 2 0 8 0 0 0 2 7 0 0 0 0,valid
0 0 0 5 0 0 0 0 0 0 1 0 0 0 3 0 2 0 5 3 0 1 6 0 0 4 7 0 9 0 0 2 0 0 5 0 8 0 0 6 0 5 0 0 9 0 0 5 0 1 0 7 0 0 6 5 0 2 8 0 0 9 3 0 8 0 0 0 9 0 1 0 0 0 0 4 0 0 0 0 0,valid
5 0 0 8 0 4 0 0 7 0 0 0 0 0 9 0 0 0 2 0 0 7 1 0 0 0 3 8 3 0 5 0 2 4 0 1 0 0 7 0 0 0 5 0 0 9 0 5 4 0 1 0 8 6 1 0 0 0 8 7 0 0 9 0 0 0 1 0 0 0 0 0 7 0 0 9 0 3 0 0 4,valid
3 0 0 0 0 9 0 0 0 0 0 0 0 0 1 0 0 0 6 0 5 0 4 0 2 0 8 0 7 9 1 0 0 0 0 0 0 2 6 0 5 0 3 0 0 0 0 0 0 0 8 4 0 0 0 0 0 0 1 0 7 0 0 0 0 0 7 0 0 8 0 0 0 0 3 6 0 0 0 5 0,valid
0 6 0 0 0 0 0 5 0 2 0 0 0 2 0 0 0 6 3 8 5 0 0 6 2 4 1 0 0 3 0 0 2 0 0 0 0 4 0 6 0 1 0 8 0 0 0 0 5 0 0 4 0 0 7 9 4 2 0 0 6 1 8 8 0 0 0 6 0 0 0 9 0 3 0 0 0 0 0 2 0,invalid
0 0 3 0 6 0 0 4 0 1 8 0 0 0 0 0 0 7 0 0 0 0 7 0 9 0 0 6 0 0 4 0 0 0 0 1 8 0 0 0 0 0 0 0 0 3 0 0 0 8 5 0 0 0 0 0 0 0 1 2 4 0 0 0 0 0 0 0 1 0 6 8 0 0 4 0 0 0 0 0 9,invalid
0 7 0 4 0 9 0 0 8 1 0 0 2 0 0 0 5 0 0 8 0 0 5 7 0 0 1 9 0 6 0 0 0 0 3 2 0 0 7 0 0 0 5 0 0 8 5 0 0 0 0 4 0 9 3 0 0 7 6 0 0 9 0 0 6 0 0 0 2 0 0 7 7 0 0 8 0 6 0 2 0,invalid
0 0 0 6 8 4 0 0 0 9 8 4 0 0 0 0 0 0 1 0 3 0 0 0 0 0 0 0 0 0 8 0 9 0 4 7 0 0 0 0 4 0 0 0 0 8 0 0 1 0 0 0 0 0 0 0 7 0 3 0 0 5 8 0 0 2 0 7 0 3 0 1 0 0 0 2 0 0 0 9 0,valid
0 8 0 0 0 0 0 0 0 0 0 6 0 0 8 5 0 0 1 0 9 8 4 0 0 0 0 8 0 0 5 0 0 0 0 0 4 0 0 0 1 0 0 3 6 0 7 0 0 0 0 0 5 0 0 0 0 0 8 0 0 0 0 2 0 0 6 0 3 0 0 0 0 4 0 0 0 9 0 8 0,invalid
0 0 2 0 1 0 5 0 0 0 7 3 0 0 0 1 9 0 8 0 0 0 0 0 0 0 4 0 0 9 8 5 1 4 0 0 0 0 0 3 0 9 0 0 0 1 0 0 7 2 4 0 0 9 3 0 0 0 0 0 0 0 7 0 9 1 0 0 0 6 3 0 0 0 7 0 9 0 8 0 0,valid
2 0 0 0 0 1 0 6 8 0 0 0 0 8 0 0 0 7 0 0 3 7 0 0 0 0 0 0 7 0 1 0 3 0 0 5 3 0 0 0 7 0 0 0 2 1 0 0 9 0 4 0 3 0 0 0 0 0 0 8 6 0 0 5 0 0 0 9 0 0 0 0 6 9 0 3 0 0 0 0 4,valid
0 9 0 0 0 5 0 2 0 5 0 0 7 3 0 0 0 9 0 0 4 0 0 2 1 0 0 1 0 2 0 0 6 0 0 0 3 0 0 0 0 0 0 0 1 0 0 0 1 0 0 6 0 7 0 0 6 0 0 3 7 0 0 2 0 0 9 6 0 0 0 4 0 5 0 0 0 1 0 1 0,invalid
0 0 0 1 9 3 4 0 0 0 0 0 2 0 6 0 0 8 0 0 0 0 7 0 0 9 0 2 8 0 0 6 0 0 5 3 4 0 1 5 0 2 7 0 9 5 9 0 0 1 0 0 4 2 0 3 0 0 2 0 0 0 0 1 0 0 6 0 5 0 0 0 0 0 9 3 8 7 0 0 0,valid
4 0 9 0 1 3 7 0 0 0 0 0 0 0 0 0 1 0 0 0 0 0 0 0 5 0 0 0 8 0 0 9 3 2 0 0 0 0 6 0 8 0 1 3 0 3 0 4 2 0 0 0 0 0 0 0 0 0 3 0 0 0 0 5 0 7 0 0 9 0 0 0 0 0 0 0 7 2 0 8 0,invalid
0 0 0 0 0 0 0 0 6 0 0 0 3 0 9 5 1 0 0 0 5 0 2 0 0 7 3 0 1 0 0 7 2 0 4 0 0 0 4 5 0 1 6 0 0 0 9 0 8 3 0 0 7 0 6 3 0 0 4 0 8 0 0 0 5 7 2 0 6 0 0 0 2 0 0 0 0 0 0 0 0,invalid
2 0 0 6 0 0 7 0 9 0 0 0 0 0 0 1 3 0 0 0 5 3 1 0 2 0 0 0 0 0 1 0 0 0 9 0 0 0 3 9 0 7 8 0 0 0 6 0 0 0 8 0 0 0 8 5 2 7 9 0 3 0 0 0 9 0 0 0 0 0 0 0 7 0 0 5 0 0 0 0 2,valid
7 8 0 0 9 0 0 0 2 0 0 9 0 0 8 0 0 0 2 0 0 0 3 0 0 0 0 0 7 4 0 0 0 5 0 0 0 0 0 0 0 0 9 0 0 6 0 0 0 0 0 2 0 0 9 0 7 0 0 4 0 0 1 1 0 0 0 0 0 0 6 0 0 4 5 8 0 1 0 0 0,valid
7 0 0 1 0 0 0 0 0 0 2 0 6 0 0 0 4 0 0 0 4 5 0 0 7 3 0 6 3 0 0 0 0 0 2 0 0 0 0 0 6 0 0 7 0 1 0 8 0 0 0 3 0 0 0 0 0 8 0 0 0 0 0 0 8 0 0 0 5 9 0 3 4 0 0 0 0 0 0 1 0,valid
0 0 4 0 0 0 0 0 8 8 4 0 0 3 0 5 0 0 0 0 0 0 7 0 0 0 0 0 0 0 0 5 3 0 1 2 0 0 1 4 0 2 0 0 0 0 9 0 0 0 1 0 5 0 0 0 0 9 0 0 0 0 3 4 0 2 0 0 0 0 0 0 0 0 0 0 8 0 4 6 0,invalid
0 5 9 0 0 2 0 6 3 0 6 8 0 9 3 0 2 0 0 0 0 7 0 0 0 0 0 2 8 0 0 0 0 6 0 0 0 4 0 0 0 0 0 9 0 0 0 7 0 0 0 0 8 1 0 0 0 0 0 5 0 0 0 0 7 0 3 2 0 8 1 0 6 2 0 4 0 0 5 7 0,valid
0 0 0 8 0 7 1 0 3 0 0 0 3 4 6 0 0 0 0 0 7 0 2 0 0 0 0 3 2 0 0 1 0 0 7 9 0 9 5 7 0 8 4 1 0 7 4 0 0 5 0 0 8 6 0 0 0 0 8 0 7 0 0 0 0 0 5 7 1 0 0 0 1 0 3 4 0 6 0 0 0,invalid
0 0 5 0 0 0 0 1 0 0 0 7 3 0 4 6 5 0 8 0 0 0 6 0 0 0 0 0 3 0 7 4 0 0 6 0 0 0 2 0 0 0 1 0 0 0 1 0 0 3 6 0 9 0 0 2 0 0 8 0 0 7 1 7 8 0 6 0 9 0 0 0 0 0 0 0 0 0 9 0 0,valid
0 0 0 7 0 2 0 0 9 0 0 8 0 5 0 0 0 0 5 0 2 8 0 1 9 0 0 8 0 1 0 6 0 2 0 5 0 5 0 0 0 0 0 8 0 2 0 9 0 1 0 7 0 3 0 0 5 1 0 7 8 6 0 0 0 0 0 2 0 0 0 0 4 0 0 6 0 5 3 0 0,invalid
0 0 0 4 0 1 0 0 7 0 0 0 3 7 0 9 2 0 3 7 0 0 0 0 0 0 0 5 0 0 0 0 7 0 9 3 0 4 0 0 0 0 0 8 0 2 3 0 1 0 0 0 0 8 0 2 0 0 0 0 0 0 0 0 1 0 0 6 8 5 0 0 7 0 0 2 0 9 6 0 0,invalid
2 0 7 1 3 0 9 0 5 0 5 0 0 0 4 0 8 0 0 0 0 5 0 0 0 0 0 0 2 0 3 0 0 6 0 4 7 0 0 0 0 0 0 0 8 3 0 6 0 0 1 0 7 0 0 0 0 0 0 3 0 0 0 0 9 0 6 0 0 0 2 0 5 0 3 0 7 2 8 0 1,valid
9 4 5 0 0 0 0 0 2 3 6 7 0 0 0 0 0 0 0 0 0 0 0 3 0 9 0 0 1 0 0 5 0 9 0 0 4 3 0 0 6 0 0 5 7 0 0 8 0 3 0 0 2 0 0 0 0 5 0 0 0 0 0 0 0 4 0 0 0 6 1 3 7 0 0 0 0 0 2 6 4,invalid
0 0 7 0 0 0 0 0 0 0 0 0 0 2 0 0 6 0 0 0 0 0 0 7 0 0 5 4 0 0 0 0 0 3 2 0 0 0 8 0 6 0 0 4 7 0 9 0 4 0 3 0 0 0 0 4 0 0 0 5 0 0 9 0 0 6 0 0 0 0 8 0 0 0 0 1 0 0 0 7 6,valid
0 4 0 0 0 2 7 8 3 0 0 0 0 6 0 0 0 0 0 0 0 0 0 0 9 5 0 0 0 6 5 0 0 2 0 0 0 0 0 0 0 0 0 7 0 0 5 0 4 9 0 0 0 0 7 0 0 0 0 9 0 0 8 0 3 0 0 0 3 0 0 0 0 8 0 0 1 0 0 0 2,invalid
7 0 0 0 0 9 3 0 0 2 0 0 0 0 0 0 0 0 0 0 0 1 0 6 0 8 0 0 0 9 7 0 0 8 0 6 0 7 0 0 0 2 0 9 0 0 0 0 8 0 3 0 0 5 0 0 0 3 0 0 8 0 0 9 0 1 0 0 0 0 0 0 3 8 0 0 0 0 0 1 0,invalid
8 2 0 0 3 1 0 0 0 1 0 3 0 0 0 0 0 0 9 0 0 8 0 7 0 0 0 4 0 0 0 0 0 3 0 0 0 3 0 0 9 0 0 0 1 0 0 7 0 0 8 0 0 5 0 0 0 0 5 3 9 0 8 3 0 0 0 0 5 0 0 0 0 0 4 9 0 0 0 0 7,invalid
0 0 4 0 0 9 7 0 0 0 5 6 0 0 0 8 4 0 3 0 0 0 5 0 0 0 9 6 0 0 5 8 0 0 0 0 0 0 2 6 0 3 5 0 0 0 0 0 0 9 2 0 0 8 5 0 0 0 4 0 0 0 2 0 8 9 0 0 0 4 1 0 0 0 1 9 0 0 6 0 0,valid
0 0 0 5 0 1 0 0 8 0 0 0 4 0 9 0 5 0 0 0 0 6 0 2 7 0 4 9 6 5 0 0 0 1 8 3 0 0 0 0 0 0 0 0 0 1 4 7 0 0 0 5 2 6 8 0 2 3 0 5 0 0 0 0 3 0 9 0 4 0 0 0 6 0 0 7 0 8 0 0 0,valid
0 0 0 0 9 0 3 6 0 0 3 9 0 0 1 0 7 0 0 0 7 0 5 0 0 4 0 0 0 5 2 0 0 0 0 0 0 0 0 0 0 0 0 0 6 0 4 0 0 7 0 0 3 5 0 2 3 0 0 0 0 0 0 0 9 0 3 0 4 0 2 0 2 1 0 9 6 0 0 0 0,invalid
5 0 0 0 0 0 0 0 0 0 0 0 0 0 5 6 5 0 0 0 7 0 6 0 0 0 2 0 8 0 5 3 0 9 6 0 0 0 0 0 9 0 0 0 0 0 0 0 0 0 2 4 0 0 0 0 2 6 8 0 1 3 0 9 0 0 0 0 0 0 2 0 1 0 0 0 0 0 7 0 0,invalid
0 4 0 0 5 0 0 0 0 7 0 0 2 0 0 0 5 9 0 3 5 8 0 0 7 0 0 0 0 0 5 0 8 9 4 0 1 0 0 0 0 0 0 0 6 0 5 4 2 0 6 0 0 0 0 0 6 0 0 9 3 0 0 3 2 0 0 0 5 4 0 7 0 0 0 0 3 0 0 9 0,invalid
0 5 0 0 0 8 4 0 0 0 0 0 9 1 0 8 0 0 9 8 0 6 0 0 2 0 0 5 0 0 0 0 0 7 2 0 0 2 0 4 0 1 0 6 0 0 6 9 0 0 0 0 0 4 8 9 6 0 0 4 0 7 2 0 0 0 0 7 9 0 0 0 0 0 0 8 0 0 0 5 0,valid
0 5 0 0 6 0 0 7 0 0 0 4 0 0 7 2 0 0 1 0 0 0 0 5 0 0 3 0 1 6 0 0 3 0 0 0 4 0 0 0 0 0 0 0 6 0 0 0 4 0 0 9 1 0 8 0 0 6 0 0 0 0 2 0 0 3 7 0 0 5 0 0 0 7 0 0 3 0 0 1 0,invalid
0 9 0 0 2 0 0 0 0 4 0 8 9 6 0 0 0 0 3 0 0 0 0 4 7 0 0 0 6 0 2 0 0 0 8 0 5 2 0 0 0 0 0 1 3 0 0 0 0 0 1 0 0 0 0 0 3 0 0 2 0 5 0 0 0 0 6 3 0 0 0 9 0 0 0 0 5 0 7 3 0,invalid
0 0 9 0 4 0 7 0 0 2 0 0 0 8 0 0 0 9 3 7 0 0 0 9 0 1 5 0 0 1 2 0 0 0 0 0 4 9 0 0 0 0 0 3 1 0 0 0 0 0 4 5 0 0 1 8 0 4 0 0 0 9 3 7 0 0 0 1 0 0 0 4 0 0 8 0 6 0 1 0 0,invalid
0 0 0 7 5 0 0 0 0 0 0 9 0 0 0 7 0 0 7 3 0 0 0 0 0 9 8 0 8 1 0 0 2 0 0 0 0 5 7 0 0 0 6 8 0 0 0 0 9 0 0 4 1 0 3 7 0 0 0 0 0 4 5 0 0 6 0 0 0 3 0 0 0 0 0 2 3 0 0 0 0,valid
0 0 0 0 6 0 0 0 0 9 8 0 4 0 0 6 0 0 3 0 0 5 8 7 0 4 0 0 0 5 0 0 0 0 0 6 0 0 0 0 0 0 5 0 4 0 0 8 0 4 0 7 2 0 0 6 0 2 0 0 0 9 0 0 0 3 1 0 0 0 0 0 0 1 0 0 0 0 3 7 0,valid
0 0 8 0 0 0 6 0 0 3 9 0 0 6 0 0 0 0 0 0 0 0 3 0 0 4 8 0 0 0 0 0 0 0 9 0 0 7 0 3 0 1 0 0 4 4 0 0 8 7 0 0 1 0 0 3 0 5 0 0 0 0 0 0 0 4 2 0 9 0 0 5 2 0 0 0 0 0 0 8 0,valid
0 0 0 0 0 4 0 0 0 0 2 0 9 8 0 0 7 0 1 0 0 0 7 6 0 0 2 0 5 7 0 0 0 8 3 0 3 8 0 0 0 0 0 2 1 6 0 0 0 0 0 0 0 4 8 0 0 7 4 0 0 0 9 0 7 0 0 3 2 0 6 0 0 0 0 6 0 0 0 0 0,valid
0 1 0 0 0 0 0 0 9 0 8 0 1 0 0 0 5 0 7 0 4 0 0 9 0 0 6 9 0 0 0 0 0 0 3 0 0 0 8 2 0 0 0 0 0 0 4 3 0 0 6 9 0 1 0 9 0 7 0 0 0 0 0 0 0 0 0 0 2 0 0 0 8 0 0 0 8 0 0 7 0,invalid
0 0 5 0 0 0 8 0 0 4 0 1 8 0 0 5 0 9 7 0 0 0 0 2 0 0 6 0 0 0 9 0 3 0 0 0 0 0 9 0 0 0 4 0 0 0 0 0 1 0 8 0 0 0 5 0 0 0 0 9 0 0 8 9 0 4 6 0 0 1 0 3 0 0 3 0 0 0 2 0 0,valid
0 4 6 0 0 3 0 0 0 9 0 0 4 7 0 0 0 0 3 0 0 0 5 8 0 0 9 7 0 9 0 0 0 0 6 0 0 6 4 0 0 0 9 5 0 0 3 0 0 0 0 4 0 7 0 0 0 8 4 0 0 0 4 0 0 0 0 6 7 0 0 5 0 0 3 5 0 0 2 8 0,invalid
0 5 0 0 0 8 0 9 0 0 0 6 0 3 0 4 0 0 2 0 0 6 0 0 0 0 3 0 0 8 0 7 0 0 0 0 6 7 0 9 0 2 0 3 1 0 0 0 0 8 0 2 0 0 7 0 0 0 0 3 0 0 6 0 0 3 0 1 0 7 0 0 0 3 0 4 0 0 0 2 0,invalid
9 5 0 2 0 4 0 0 0 4 0 0 0 3 0 0 0 0 0 7 0 8 0 1 0 0 0 2 0 3 0 8 9 7 0 4 0 9 0 7 0 2 0 1 0 8 0 7 6 1 0 5 0 2 0 0 0 1 0 8 0 0 0 0 0 0 0 9 0 1 0 8 0 0 0 4 0 6 0 7 9,valid
6 0 0 5 0 0 9 0 0 0 0 9 0 0 0 0 5 0 0 7 0 0 9 3 0 0 3 0 0 8 0 7 0 0 0 9 0 0 7 6 0 2 4 0 0 4 0 0 0 3 0 7 0 0 8 0 0 7 5 0 0 3 0 0 4 0 0 0 0 1 0 0 0 0 1 0 0 9 0 0 8,invalid
6 0 0 5 0 0 0 0 3 0 0 0 0 4 8 0 0 0 0 5 0 1 3 0 0 9 0 0 1 0 0 0 0 5 0 6 0 6 5 0 0 0 7 4 0 2 0 4 0 0 0 0 8 0 0 7 0 0 2 4 0 6 0 0 0 0 7 6 0 0 0 0 1 0 0 0 0 5 0 0 2,valid
0 0 0 0 0 2 0 0 0 2 0 3 7 4 0 1 0 9 0 8 0 6 1 0 0 4 0 6 0 0 0 0 0 4 8 0 0 0 0 0 7 0 0 0 0 0 9 1 0 0 0 0 0 6 0 3 0 1 6 0 0 9 0 9 0 7 3 8 0 6 0 2 0 0 0 0 0 3 0 0 0,invalid
0 6 0 1 9 0 0 0 8 0 0 7 0 0 2 4 0 0 0 8 4 0 0 0 0 0 0 0 0 0 4 7 8 0 0 5 9 0 0 3 0 9 0 0 2 8 0 0 2 5 6 0 0 0 0 0 0 0 0 0 3 7 0 0 0 9 8 0 0 1 0 6 4 0 0 0 6 1 0 0 0,invalid
6 0 7 0 5 0 8 0 0 0 0 0 2 0 0 0 1 0 1 8 0 0 0 3 4 6 0 0 0 0 0 4 0 0 3 6 0 0 0 9 0 7 0 0 0 5 6 0 0 1 0 0 0 0 0 4 6 8 0 0 0 0 1 0 1 0 0 0 5 5 0 0 0 0 8 0 2 0 7 0 9,invalid
2 0 0 5 1 0 0 0 3 8 9 0 0 0 3 0 4 5 0 0 3 0 0 0 7 0 0 0 5 0 7 0 2 0 0 9 3 0 0 0 0 0 0 0 1 7 0 0 9 0 6 0 5 0 0 0 5 0 0 0 1 0 0 9 3 0 1 0 0 0 2 4 1 0 0 0 5 2 0 0 6,invalid
2 6 0 0 0 9 8 0 0 4 0 0 8 0 0 0 0 1 0 0 0 0 0 0 0 0 0 0 5 6 0 0 0 0 0 4 9 0 0 0 0 5 0 0 0 0 0 0 7 3 0 0 5 0 0 0 9 1 0 0 0 4 0 0 0 0 0 0 7 2 0 0 0 3 0 0 0 8 0 6 5,valid
6 0 0 0 0 0 0 0 9 0 1 0 0 0 6 0 7 0 9 8 0 1 3 0 0 6 5 0 6 0 0 8 0 2 0 0 0 0 2 3 7 1 6 0 0 0 0 1 0 6 0 0 5 0 4 3 0 0 1 7 0 2 6 0 7 0 9 0 0 0 4 0 2 0 0 0 0 0 0 0 3,valid
7 0 0 0 9 0 0 0 0 0 0 0 0 0 0 0 0 8 0 5 9 0 0 0 3 4 0 0 0 8 6 1 2 0 0 0 2 0 4 0 0 5 0 0 0 0 9 0 0 0 0 0 0 0 9 2 0 0 3 0 0 0 1 8 0 0 0 7 0 0 6 0 0 0 1 0 0 0 2 0 0,valid
0 2 0 0 0 0 0 7 0 9 0 0 0 1 0 0 8 3 0 0 0 0 0 0 9 5 4 6 0 0 0 0 4 0 0 0 0 8 0 6 0 0 0 0 0 0 7 9 0 2 9 0 0 0 0 6 0 0 9 0 0 2 0 0 0 0 2 0 7 5 9 6 0 0 0 0 0 0 0 3 0,invalid
0 5 3 2 0 0 0 0 9 0 8 0 0 0 6 0 0 0 0 0 0 3 0 0 0 0 6 2 0 0 0 6 0 0 0 8 0 6 5 8 0 2 1 9 0 9 0 8 0 3 0 5 0 2 0 0 0 6 0 0 0 0 3 0 0 0 0 0 3 0 2 4 1 0 4 9 0 0 0 0 0,valid
0 2 0 0 3 8 0 0 0 8 0 6 0 0 0 5 3 0 0 3 7 5 0 0 4 0 0 0 0 0 2 0 1 0 0 7 0 1 0 0 0 0 0 4 0 5 0 0 9 0 4 0 0 0 0 5 9 6 0 0 7 8 0 0 7 0 0 0 0 2 0 3 0 0 0 0 4 3 0 9 0,valid
8 0 7 0 0 0 9 0 5 0 2 0 0 7 0 0 0 0 9 0 0 0 4 0 0 8 0 0 0 0 1 0 9 0 0 0 0 9 5 0 0 0 7 2 0 0 0 0 7 0 4 0 0 0 0 5 0 0 3 0 0 0 2 0 0 0 0 6 0 0 7 0 6 0 1 0 0 0 8 0 4,valid
2 0 5 0 0 0 0 0 7 0 0 0 0 0 1 0 6 0 0 9 0 3 7 0 0 0 0 1 0 0 8 0 0 0 0 0 0 0 0 0 0 0 0 5 8 3 0 0 0 0 0 2 4 9 0 2 0 0 0 0 0 9 0 8 0 0 0 9 5 0 7 0 0 4 0 2 0 0 0 0 3,valid
0 5 0 7 0 0 9 8 0 6 0 0 0 3 0 0 0 0 0 0 1 8 0 0 0 0 3 0 0 0 0 1 0 3 0 5 0 5 0 9 0 6 0 1 0 2 0 9 0 5 0 0 0 0 7 0 0 0 0 3 4 0 0 0 0 0 0 2 0 0 0 9 0 9 2 0 0 7 0 3 0,invalid
0 4 0 0 0 0 0 7 0 7 0 0 0 8 2 0 0 4 0 0 2 7 0 5 9 0 0 8 1 6 0 0 0 0 2 0 4 0 0 0 0 0 0 0 9 0 5 0 0 0 0 5 8 6 0 0 4 2 0 8 6 0 0 6 0 0 3 1 0 0 0 2 0 9 0 0 0 0 0 4 0,invalid
0 2 0 1 4 7 0 0 1 0 0 0 8 0 9 0 3 0 0 0 0 0 0 0 0 0 0 3 6 0 0 8 0 0 2 7 2 0 0 3 0 5 0 0 9 5 7 0 0 1 0 0 8 4 0 0 0 0 0 0 0 0 0 0 5 0 4 0 6 0 0 0 7 0 0 2 5 1 0 6 0,invalid
0 0 1 5 4 0 2 7 8 0 0 0 0 0 2 0 5 3 0 0 0 0 0 7 4 0 0 0 1 9 0 0 0 0 0 6 7 0 0 0 7 0 0 0 1 3 0 0 0 0 0 8 9 0 1 0 6 2 0 0 0 0 0 8 7 0 1 0 0 0 0 0 9 5 0 0 8 4 1 0 0,invalid
0 0 9 0 0 4 5 0 0 0 2 0 0 0 8 0 4 0 1 4 0 9 0 0 0 3 8 3 5 0 0 0 0 9 0 0 0 0 0 7 0 6 0 0 0 0 0 2 0 0 0 0 8 3 2 8 0 0 0 9 0 5 1 0 6 0 2 0 0 0 9 0 0 0 9 5 0 0 8 0 0,invalid
0 3 0 0 0 8 0 0 5 0 9 1 7 0 3 0 0 2 0 0 0 4 0 0 0 0 3 2 0 0 0 0 0 0 4 0 1 0 0 0 0 0 0 0 0 6 0 0 1 0 0 8 3 0 0 0 0 6 0 0 0 0 0 0 0 0 0 0 0 9 0 4 0 0 5 2 9 4 1 0 0,valid
1 0 2 8 0 0 0 0 0 3 0 0 0 9 0 0 0 0 4 8 9 0 6 0 0 0 3 0 0 0 0 0 8 0 0 1 0 5 4 0 0 0 8 2 0 6 0 0 9 0 0 0 0 0 5 0 0 0 1 0 9 0 8 0 0 0 0 4 0 6 0 0 0 0 0 0 0 9 1 2 7,invalid
0 1 0 0 0 3 0 8 0 0 0 8 9 0 0 2 0 0 0 5 0 0 0 0 0 5 0 0 8 0 0 1 0 0 2 0 1 0 0 5 0 4 0 0 7 7 0 2 0 3 0 5 0 9 0 2 0 0 0 0 0 9 0 0 0 3 1 0 0 6 0 0 0 9 0 0 0 8 0 7 0,invalid
1 0 0 0 0 0 0 0 2 0 7 0 0 0 0 0 3 0 8 0 9 7 0 2 4 0 5 0 0 0 4 6 8 0 0 0 0 0 0 3 0 9 0 0 0 0 0 4 5 2 7 3 0 0 4 0 8 9 0 6 5 0 3 0 3 0 0 0 0 0 9 0 9 0 0 0 0 0 0 0 8,valid
5 0 0 0 1 0 0 0 3 0 2 1 0 8 0 5 9 0 0 6 4 5 0 0 7 1 0 0 0 0 0 0 0 9 0 0 1 8 0 0 0 0 0 6 4 0 0 6 0 0 0 0 0 0 0 3 5 0 0 8 6 7 0 0 1 9 0 5 0 4 3 0 6 0 0 0 4 0 0 0 9,valid
0 0 9 5 0 0 6 0 0 2 5 0 0 0 0 0 4 8 3 0 0 0 0 4 0 0 5 0 0 0 0 3 0 0 0 0 0 0 8 1 0 5 7 0 0 0 9 0 0 2 0 0 4 0 4 0 0 8 0 0 0 0 7 9 8 0 0 0 0 0 6 3 0 0 3 0 0 9 5 0 0,invalid
1 0 0 0 9 0 0 0 0 0 0 0 0 0 7 5 0 2 0 5 9 0 3 0 3 0 0 0 1 0 0 6 0 0 0 0 0 0 0 0 0 9 0 0 7 0 0 3 0 5 0 9 6 0 0 0 0 0 7 0 8 0 9 0 0 0 0 0 0 4 5 0 0 3 4 0 0 0 0 0 0,invalid
0 0 8 0 4 0 9 0 0 0 1 2 0 0 7 6 4 0 0 4 0 1 0 0 0 2 0 0 0 0 0 1 8 5 9 0 0 0 0 4 0 9 0 0 0 0 2 9 2 5 0 0 0 0 0 3 0 0 0 1 0 8 0 0 9 7 3 0 0 4 1 0 0 0 1 0 2 0 7 0 0,invalid
0 2 0 0 0 0 0 0 0 0 3 7 0 0 0 0 0 8 0 0 6 0 7 0 0 0 0 0 0 2 0 0 0 6 0 0 1 0 8 0 0 9 0 0 3 6 9 0 0 0 0 0 1 4 0 8 0 0 4 0 0 5 0 0 4 0 3 5 0 8 0 0 0 0 0 0 1 0 5 0 0,invalid
0 0 0 0 0 0 0 0 0 5 0 1 0 0 6 0 0 0 0 9 0 5 0 0 6 2 4 9 0 6 0 9 1 7 0 3 0 0 3 8 0 4 1 0 0 0 0 0 3 6 0 0 0 0 4 1 2 6 0 0 0 8 0 0 0 0 0 0 8 3 0 0 0 0 0 0 0 0 0 1 0,invalid
0 0 0 3 0 7 0 0 4 0 0 0 0 0 4 2 8 0 0 9 0 0 1 0 0 0 7 0 0 0 1 0 0 0 0 0 0 8 0 5 3 9 0 7 0 0 5 1 0 0 8 9 3 0 5 0 0 0 8 0 0 4 0 0 4 9 0 0 5 0 0 0 2 0 0 9 0 3 0 0 0,valid
0 0 8 3 0 0 0 0 9 0 0 0 0 4 0 1 2 0 9 2 0 1 0 5 0 0 0 0 0 9 4 0 0 5 0 1 0 1 0 0 0 0 0 8 0 3 0 5 0 0 1 7 0 0 0 9 0 7 0 4 0 0 5 0 3 0 0 9 0 4 0 0 5 0 0 0 0 6 9 0 0,valid
5 0 0 0 0 0 3 9 0 0 0 7 0 0 6 0 0 0 0 8 0 0 0 9 0 2 0 9 2 0 1 0 8 0 0 0 0 0 8 0 0 0 0 0 4 0 0 0 9 0 0 0 0 0 1 0 0 0 0 0 5 4 0 6 0 0 0 2 0 0 0 0 0 0 0 0 7 5 0 6 0,valid
0 0 4 1 0 6 0 7 0 0 0 0 0 2 0 6 0 0 1 0 0 0 0 7 0 8 2 8 0 9 0 0 0 0 0 6 0 7 0 0 0 0 0 3 0 4 0 0 0 0 0 7 0 8 0 1 0 6 0 0 0 0 5 2 0 5 0 1 0 0 0 0 0 0 8 4 0 3 1 0 0,valid
0 0 9 0 1 0 0 0 7 8 5 0 7 2 0 0 6 0 0 0 0 0 4 0 0 9 0 0 0 0 0 0 4 0 7 0 1 7 5 0 0 0 4 3 6 0 4 0 1 0 0 0 0 0 0 3 0 0 9 0 0 0 8 0 9 0 0 5 3 0 8 0 4 0 0 0 6 0 0 5 0,invalid
0 0 4 2 0 7 6 0 0 0 6 0 8 3 9 0 1 0 0 0 0 0 0 0 0 0 0 1 2 0 0 8 0 0 7 6 0 4 0 7 0 6 0 9 0 6 7 0 0 5 0 0 4 3 0 0 0 0 0 0 0 0 0 0 9 0 1 6 2 0 5 0 0 0 5 4 0 8 9 0 0,valid
0 3 1 0 0 0 0 9 0 0 0 0 7 0 0 0 0 2 2 0 0 0 0 3 1 0 0 0 1 0 0 8 6 0 7 0 0 0 7 4 0 1 9 0 0 0 0 4 3 9 0 2 0 0 0 0 9 5 0 0 0 0 1 6 0 0 0 0 3 0 0 0 0 7 0 0 0 0 6 2 0,invalid
6 5 0 7 1 0 0 8 2 7 0 0 2 0 0 0 0 6 0 0 0 0 0 4 0 0 0 0 0 7 9 4 6 0 2 5 2 0 0 8 0 3 0 0 7 5 6 0 1 7 2 8 0 0 0 0 0 5 0 0 0 0 0 1 0 0 0 0 8 0 0 3 9 7 0 0 6 1 0 5 4,valid
0 0 0 6 0 2 0 0 0 2 0 8 0 0 0 0 0 0 4 0 0 5 0 7 8 0 2 8 0 3 0 5 0 4 0 7 0 0 0 0 3 0 0 0 0 5 0 4 0 6 0 3 0 9 3 0 7 9 0 8 0 0 1 0 0 0 0 0 0 9 0 8 0 0 0 3 0 5 0 0 0,valid
0 0 0 3 0 0 0 0 0 0 4 0 2 6 0 0 3 0 3 0 0 8 4 0 0 0 7 1 3 0 0 0 0 5 0 0 0 0 7 0 0 0 4 0 0 0 0 3 0 0 0 0 1 8 5 0 0 0 8 6 0 0 1 0 1 0 0 7 4 0 2 0 0 0 0 0 0 3 0 0 0,invalid
0 0 0 0 0 0 5 0 8 0 0 6 0 1 0 4 2 0 1 0 8 0 9 5 7 0 0 0 0 0 0 6 9 0 0 0 0 0 9 7 0 3 6 0 0 0 0 0 1 5 0 0 0 0 7 8 1 5 3 0 9 4 0 0 9 0 0 7 0 0 0 0 3 0 0 0 0 0 8 0 0,valid
0 0 0 0 0 7 0 0 0 1 0 3 5 0 0 4 0 8 0 2 0 0 4 0 0 7 0 6 0 9 0 1 0 0 4 0 2 0 0 3 0 6 0 0 7 0 5 0 0 2 0 1 0 6 0 9 0 0 5 0 0 1 0 4 0 2 0 0 9 6 0 5 0 0 0 2 0 0 0 0 0,valid
0 0 4 3 0 0 0 0 0 0 0 0 0 0 2 6 0 0 0 2 3 6 8 0 4 1 7 0 0 7 0 0 0 0 0 0 6 0 9 0 0 7 0 0 0 8 4 0 0 0 0 0 0 0 0 1 2 0 0 3 5 0 0 0 0 0 0 7 0 0 3 2 0 0 0 0 1 0 0 0 0,valid
0 6 0 0 5 0 0 1 0 0 7 0 4 0 0 0 9 0 0 0 8 0 3 1 6 0 0 0 3 0 0 0 9 1 0 0 6 0 0 0 0 0 0 0 4 0 0 1 5 0 0 0 7 0 0 0 4 2 1 0 3 0 0 0 1 0 0 0 4 0 8 0 0 9 0 0 7 0 0 5 0,valid
0 0 0 0 0 0 0 0 0 0 1 7 0 3 0 9 2 0 3 0 4 0 0 9 3 0 7 0 0 0 7 0 0 5 8 6 0 0 0 0 9 0 0 0 0 7 2 6 0 0 8 0 0 0 2 0 1 0 0 3 4 0 8 0 9 8 0 2 0 6 5 0 0 0 0 0 0 0 0 0 0,invalid
1 0 0 0 0 9 0 0 2 0 0 0 6 0 5 0 0 0 9 0 0 8 1 0 0 0 5 0 9 2 0 0 0 0 1 8 0 7 0 0 0 0 0 2 0 7 1 0 0 0 0 5 6 0 8 0 0 5 2 0 0 0 6 0 0 0 9 0 4 0 0 0 6 0 0 0 0 3 0 0 4,invalid
2 0 0 0 0 0 0 0 0 0 4 9 3 2 0 0 7 0 0 0 0 0 1 0 0 0 2 0 2 0 0 0 5 0 9 0 4 0 7 0 0 0 6 0 3 8 0 0 5 0 0 0 0 1 0 0 0 0 6 0 0 4 0 0 1 0 9 8 0 0 3 0 0 0 5 0 0 0 0 0 7,invalid
0 2 9 0 1 0 0 5 0 0 7 0 8 2 0 0 0 0 1 0 0 3 0 0 0 0 2 0 0 8 0 0 1 0 6 0 0 4 0 0 0 0 0 2 0 0 6 0 7 0 0 8 0 0 0 0 0 2 0 0 0 0 5 6 0 0 5 3 0 0 7 0 0 0 2 0 6 0 9 8 0,valid
4 0 1 0 0 7 0 0 0 0 0 5 0 1 3 0 6 4 0 0 0 0 0 0 1 0 0 3 1 0 0 0 0 0 0 5 0 7 0 0 6 0 0 8 0 5 0 0 0 0 0 0 1 2 0 0 9 0 0 0 0 0 0 0 5 0 8 3 0 7 0 0 0 4 0 9 0 0 5 0 6,valid
0 7 0 0 0 0 0 3 1 4 9 0 0 0 0 0 0 7 0 0 0 0 6 9 0 2 0 0 5 7 0 3 0 0 0 9 0 0 3 0 2 0 0 0 0 0 8 0 6 0 7 0 0 0 0 0 0 0 0 6 0 0 0 0 0 0 0 0 0 7 4 0 8 0 0 3 0 0 6 5 0,valid
0 0 8 0 4 9 3 0 0 0 0 6 1 0 0 8 0 0 4 0 0 2 0 0 0 0 9 8 0 0 0 0 0 5 2 0 2 0 0 0 0 0 0 0 7 0 5 2 0 0 0 0 0 8 5 0 0 0 0 4 0 0 6 0 0 3 0 0 8 1 0 0 0 0 7 5 9 0 2 0 0,invalid
4 0 0 0 0 0 0 0 3 0 0 0 4 0 5 0 7 0 9 0 0 0 0 0 0 0 0 0 0 2 0 8 0 9 0 0 0 8 0 7 0 0 0 0 0 2 0 0 1 0 6 0 0 0 1 0 0 5 0 0 3 0 9 6 0 0 0 0 0 1 0 5 0 5 0 0 0 0 0 0 7,invalid
0 1 0 0 0 8 0 0 0 0 0 0 0 0 0 9 0 0 7 6 0 0 0 0 0 0 3 0 0 9 6 0 0 3 0 5 0 0 0 0 2 0 0 0 6 0 3 0 0 0 0 0 7 0 0 4 0 0 1 7 0 0 0 0 0 0 0 0 0 0 8 0 1 5 0 0 0 0 4 9 0,valid
0 0 0 0 0 2 0 3 9 6 0 0 3 9 0 0 0 0 0 2 3 0 0 0 6 0 0 5 0 0 0 7 0 0 1 0 0 8 0 5 0 1 0 9 0 0 1 0 0 4 0 0 0 8 0 0 2 0 0 0 4 0 0 0 0 0 0 2 7 8 0 0 1 7 0 6 0 0 0 2 0,valid
0 7 2 4 0 0 5 9 0 0 0 1 0 0 5 8 0 0 5 0 0 0 0 0 0 0 6 0 5 0 0 2 6 0 0 4 0 0 0 7 0 3 0 0 0 4 0 0 1 5 0 0 6 0 3 0 0 0 0 0 0 0 2 0 0 9 5 0 0 4 0 0 0 4 5 0 0 3 6 7 0,invalid
0 0 0 0 0 9 0 0 1 0 1 6 2 0 7 0 9 0 0 0 0 0 4 0 5 0 0 5 7 0 6 0 4 0 1 3 0 0 1 0 0 0 2 0 0 9 0 0 1 0 2 0 0 6 0 0 5 0 2 0 0 3 0 0 6 0 5 0 3 0 8 0 8 0 0 4 0 0 0 0 0,valid
7 0 9 5 4 0 0 0 0 0 0 0 0 0 0 6 4 2 0 0 0 0 1 0 0 7 0 0 0 4 0 0 0 0 5 0 0 0 1 0 7 2 6 8 0 9 0 0 0 0 0 3 0 7 0 0 0 0 0 0 0 3 0 0 5 0 0 9 0 0 0 0 8 4 7 0 0 0 0 0 0,invalid
3 0 6 8 0 0 2 0 1 0 0 9 0 2 0 7 0 0 8 0 0 0 0 9 0 0 3 0 0 8 6 1 0 0 0 9 0 9 0 2 0 5 0 4 0 6 0 0 0 4 8 1 0 0 9 0 0 5 0 0 0 0 7 0 0 1 0 9 0 8 0 0 7 0 3 0 0 2 9 0 6,valid
5 2 0 7 0 8 0 0 0 0 8 0 0 4 0 5 7 0 1 0 0 0 0 0 0 0 0 2 0 0 3 0 7 0 0 5 0 3 0 0 8 0 0 2 0 4 0 0 2 0 9 0 0 3 0 1 0 0 0 0 0 0 0 0 4 0 0 7 0 0 5 8 0 0 0 1 0 2 7 0 6,valid
0 7 2 9 0 0 1 3 0 1 0 0 0 7 0 0 0 5 0 0 8 0 4 0 6 0 0 0 6 0 0 0 0 7 5 1 0 0 0 0 0 0 0 0 0 8 3 5 0 0 0 0 6 0 0 0 4 0 3 0 8 0 0 6 0 0 0 2 0 0 0 6 0 8 3 4 0 0 5 7 0,invalid
0 0 9 8 0 0 3 0 0 3 4 0 0 0 7 0 1 6 5 0 0 4 0 3 0 0 8 0 9 1 0 0 0 7 0 2 0 0 0 0 0 0 0 0 0 8 0 5 0 0 0 4 9 0 6 0 0 7 0 5 0 0 9 1 5 0 3 0 0 0 2 4 0 0 3 0 0 6 5 0 0,valid
0 0 0 0 3 6 0 0 0 0 0 4 0 5 8 2 0 0 0 3 8 0 0 0 1 4 0 8 4 0 0 0 0 0 0 9 3 5 0 0 0 0 0 2 1 9 0 0 0 0 0 0 8 7 0 1 9 0 0 0 7 6 0 0 0 3 0 1 5 6 0 0 0 0 0 0 2 9 0 0 0,invalid
0 0 0 0 0 3 2 0 0 2 1 3 5 0 0 9 0 0 0 0 0 6 0 0 0 7 3 5 0 9 0 0 0 0 8 0 0 0 0 8 0 1 0 0 0 0 3 0 0 0 0 6 0 4 1 7 0 3 0 0 0 0 0 0 0 4 1 0 0 7 6 5 0 0 8 0 0 8 0 0 0,invalid
0 0 0 0 0 0 4 8 0 0 2 0 0 8 0 0 0 1 5 0 0 4 0 6 0 0 2 0 0 5 0 6 2 8 0 0 0 7 0 0 0 0 0 9 0 0 0 3 4 7 0 1 0 0 6 0 0 1 0 5 0 0 0 3 0 0 0 2 0 0 1 0 0 1 4 0 0 0 2 0 0,invalid
5 8 0 0 0 0 0 4 6 0 0 0 1 0 0 0 0 0 4 2 0 0 9 6 0 7 8 0 4 0 0 5 0 0 2 9 0 0 0 4 0 9 0 0 0 6 5 0 0 3 0 0 1 0 9 3 0 7 6 0 0 8 1 0 0 0 0 0 3 0 0 0 8 6 0 0 0 0 0 3 2,valid
0 9 0 6 0 0 8 0 0 6 0 0 0 0 8 0 0 7 3 0 0 7 0 9 0 0 0 0 4 0 0 8 0 0 3 0 0 1 0 2 0 4 0 5 0 0 0 2 0 9 0 1 0 0 3 0 0 9 0 1 0 0 0 0 0 0 0 0 3 0 0 6 0 6 0 4 0 0 3 1 0,invalid
0 0 0 7 2 1 3 0 0 0 0 0 3 9 5 0 0 1 0 0 0 0 0 0 9 0 0 5 1 0 0 0 0 0 4 9 8 9 0 0 0 0 0 3 7 7 4 0 0 0 0 0 2 6 0 0 9 0 0 0 0 0 0 2 0 0 9 4 6 0 0 0 0 0 4 1 7 8 0 0 0,valid
0 8 0 4 0 6 0 0 0 0 7 0 0 0 0 2 0 4 5 0 0 0 0 0 0 8 0 2 0 0 9 7 0 0 0 6 0 0 0 5 1 8 0 0 0 4 0 0 0 6 2 0 0 7 0 4 0 0 0 0 0 0 3 1 0 7 0 0 0 0 5 0 0 0 0 7 0 5 0 4 0,valid
0 5 0 3 0 0 0 2 0 0 0 4 0 0 0 3 0 0 3 0 0 0 2 4 0 0 6 0 0 2 5 0 6 0 0 9 0 0 5 8 0 9 2 0 0 6 0 0 2 0 7 4 0 0 5 0 0 1 9 0 0 0 7 0 0 8 0 0 0 1 0 0 0 4 0 0 0 5 0 3 0,valid
0 0 0 3 0 2 0 9 0 0 0 5 0 0 4 0 0 0 8 9 0 0 0 0 0 4 0 0 6 0 5 7 0 9 0 0 0 0 0 0 0 0 1 0 3 0 0 0 2 0 0 4 5 0 0 0 0 0 0 3 0 0 0 0 0 4 0 7 0 8 0 0 6 0 0 4 0 0 0 2 0,invalid
0 0 0 6 0 7 4 1 0 3 0 8 0 4 0 0 0 0 0 0 6 0 0 0 0 9 0 8 0 0 0 0 6 0 0 2 0 3 0 0 0 0 0 5 0 5 0 0 5 0 0 0 0 9 4 0 0 0 0 0 9 7 0 6 0 3 0 8 0 0 0 0 0 0 0 4 0 9 0 3 0,invalid
0 5 9 0 0 0 9 0 1 0 0 0 0 0 0 3 0 0 2 0 0 6 1 0 0 0 0 0 0 0 2 0 0 1 0 0 6 0 0 0 0 0 0 3 9 0 9 0 0 0 0 0 0 0 0 0 6 9 4 0 0 0 2 0 0 1 0 6 0 0 4 0 0 0 0 8 0 1 5 0 0,invalid
0 6 7 0 0 9 3 8 0 0 9 0 7 0 1 0 4 0 1 0 0 0 0 0 0 0 9 0 2 4 0 0 0 6 5 0 9 0 8 0 0 0 1 0 3 0 0 0 0 0 0 0 0 0 2 0 0 0 0 0 0 0 5 0 9 0 1 0 4 0 3 0 0 4 6 2 0 0 9 1 0,invalid
1 0 0 9 0 2 0 0 3 0 0 8 0 0 0 0 0 0 5 0 0 1 6 8 0 0 0 7 0 5 0 0 4 1 0 9 0 0 3 0 0 0 5 0 0 2 0 1 3 0 0 7 0 6 0 0 0 6 4 7 0 0 1 0 0 0 0 0 0 9 0 0 3 0 0 5 0 9 0 0 8,valid
0 0 0 0 0 4 0 1 0 0 0 0 4 0 0 0 0 0 1 0 0 0 2 0 4 0 8 6 0 0 0 4 0 0 5 7 0 3 0 1 0 7 0 2 0 2 7 0 0 6 0 0 0 3 0 0 8 0 9 0 0 0 0 3 0 0 7 0 0 0 0 0 0 0 4 0 0 6 9 0 0,invalid
3 0 0 5 0 7 2 0 0 0 0 0 6 8 0 0 0 9 0 9 0 0 4 0 0 0 0 4 0 0 0 0 0 0 6 2 0 6 3 0 0 0 5 4 0 1 2 0 0 0 0 0 0 7 6 0 0 0 5 0 0 0 0 0 0 0 0 3 6 7 0 0 0 3 0 9 0 4 0 0 1,valid
0 7 1 0 0 0 2 7 0 0 0 0 0 0 0 0 0 0 0 5 0 2 8 7 0 9 0 0 0 2 7 1 0 3 0 0 0 0 8 3 0 2 5 0 0 0 0 7 0 5 4 6 0 0 0 8 0 1 7 3 0 5 0 0 0 0 0 0 0 0 0 0 0 3 5 0 0 0 8 4 0,invalid
0 4 9 5 3 0 0 0 0 0 0 1 0 0 0 0 0 5 6 0 0 0 4 8 0 0 0 0 6 0 0 0 0 0 7 0 0 0 7 0 0 0 1 0 0 8 0 5 0 0 0 2 0 6 0 0 0 0 9 1 0 0 7 0 0 0 0 0 0 6 0 0 0 7 0 2 6 0 9 4 0,valid
8 0 0 7 0 0 0 2 0 0 7 3 0 0 0 6 0 0 0 0 5 0 0 3 0 0 8 0 1 0 3 2 0 5 4 0 0 0 2 9 0 1 7 0 0 0 3 7 0 6 5 0 8 0 3 0 0 1 0 0 8 0 0 0 0 1 0 0 0 3 6 0 0 5 0 0 0 8 0 0 7,valid
0 0 0 0 2 0 0 0 0 2 7 0 0 0 4 0 5 9 0 0 0 1 0 6 0 0 0 0 1 6 0 0 0 0 0 8 0 0 0 0 3 0 5 6 0 3 0 0 8 0 0 0 0 6 0 0 7 0 5 0 1 0 0 6 3 0 0 0 0 2 0 0 0 0 0 0 0 2 9 0 0,invalid
0 4 0 0 0 0 0 7 0 7 0 0 1 0 4 0 0 2 6 0 1 0 5 0 8 0 4 0 7 0 0 0 2 0 6 0 0 0 5 0 0 0 9 0 0 0 6 0 5 0 0 0 1 0 3 0 6 0 2 0 7 0 1 8 0 0 7 0 5 0 0 6 0 8 0 0 0 0 0 2 0,invalid
1 0 2 0 6 0 9 3 0 0 0 0 0 0 0 0 5 7 0 0 0 0 0 4 0 0 0 0 0 3 4 0 0 0 1 0 0 0 0 0 2 0 0 8 0 0 0 0 0 7 5 9 2 0 0 9 8 0 0 0 0 0 0 3 0 0 1 0 0 0 0 0 2 5 0 0 0 7 0 0 0,invalid
0 0 0 0 1 0 0 2 0 0 0 0 5 0 0 0 0 4 0 9 0 0 0 0 0 0 7 9 0 8 3 0 1 0 4 0 0 0 1 0 0 0 8 0 0 0 0 0 2 0 0 6 0 0 0 8 0 0 0 0 7 0 6 2 0 4 0 0 0 3 0 0 0 1 3 0 0 8 0 0 0,valid
0 8 1 9 0 0 4 0 0 0 0 2 0 0 6 0 0 9 0 9 0 8 2 0 0 5 0 0 4 0 0 0 0 6 0 7 0 0 5 0 0 0 2 0 0 1 0 8 0 0 0 0 4 0 2 0 0 0 8 3 0 7 5 0 0 7 5 0 0 8 0 4 0 5 0 0 0 2 0 0 0,valid
0 0 5 0 6 0 0 3 0 0 0 0 0 9 8 5 0 6 0 0 6 0 0 0 0 0 0 0 1 0 0 2 6 0 0 0 2 7 0 5 0 3 0 4 6 0 0 0 9 4 0 0 1 0 0 0 0 0 0 0 2 0 0 9 0 2 7 8 0 0 0 0 0 6 0 0 5 0 1 0 0,invalid
0 2 0 0 1 9 0 7 0 0 0 0 5 0 0 0 0 0 0 0 4 2 0 8 6 0 0 2 0 3 0 0 0 4 1 0 4 0 0 0 0 0 0 0 7 0 1 7 0 0 0 2 0 9 0 0 2 6 0 1 7 0 0 0 0 0 0 0 3 0 0 0 0 8 0 9 7 0 0 3 0,valid
0 9 0 0 0 3 0 8 0 0 7 0 0 5 0 0 3 0 8 0 6 0 2 0 5 0 7 0 0 0 0 7 0 0 0 0 0 0 3 6 0 5 4 0 0 0 8 0 0 4 0 0 9 0 7 0 9 0 1 0 3 0 6 0 5 0 0 9 0 0 6 0 0 6 0 0 0 7 0 5 0,invalid
2 0 0 0 0 0 0 0 3 1 7 0 0 5 0 0 2 4 0 0 9 3 0 0 7 0 0 0 0 5 0 0 9 0 0 8 8 0 0 5 0 6 0 0 9 9 0 0 1 0 0 5 0 0 0 0 2 4 0 0 3 0 0 3 4 0 0 1 0 0 9 2 6 0 0 0 0 0 0 0 5,valid
7 9 0 2 0 0 0 4 5 0 4 0 5 0 0 0 6 0 3 0 6 0 0 4 2 0 7 0 7 4 0 0 0 6 1 0 5 0 0 0 0 0 0 0 9 0 0 0 0 0 0 0 0 0 1 0 5 7 0 0 8 0 2 0 8 0 0 0 5 0 3 0 4 3 0 0 0 9 0 5 6,valid
0 0 0 0 7 5 0 1 0 3 6 0 0 0 4 0 0 0 0 0 1 6 0 2 0 0 8 7 9 4 0 0 0 8 0 0 8 0 0 0 0 0 0 0 2 0 0 5 0 0 0 7 9 3 0 0 0 8 0 3 5 0 0 5 0 0 7 0 0 0 8 6 0 0 8 5 2 0 0 0 0,valid
9 0 7 0 0 4 8 0 1 1 3 0 0 9 0 0 4 7 0 0 0 0 0 1 0 0 0 7 0 1 0 0 0 0 0 0 0 4 0 0 5 0 0 1 0 0 0 0 0 0 0 9 0 8 0 0 0 3 0 0 0 0 0 9 8 0 0 7 0 0 2 3 5 0 3 8 0 0 7 0 9,invalid
7 0 0 0 0 0 0 4 0 4 0 0 0 9 6 0 0 2 5 0 0 1 0 7 0 3 6 0 0 7 0 0 1 8 0 0 0 1 0 0 0 5 0 0 0 3 0 6 0 0 0 0 0 0 0 0 0 0 6 0 0 9 0 0 0 0 0 0 4 9 0 0 1 0 0 3 0 2 0 0 0,invalid
0 2 0 0 0 3 0 5 0 0 5 0 0 0 9 0 0 6 0 0 8 0 0 0 4 0 0 0 7 0 8 0 2 0 9 0 2 0 0 0 9 0 0 0 5 9 8 0 3 0 6 0 4 2 0 0 2 0 0 0 5 0 0 5 0 0 6 0 0 0 1 8 0 6 0 7 0 0 0 0 0,valid
0 7 0 0 0 5 6 0 0 0 0 0 0 0 0 0 8 0 0 4 0 9 3 0 0 0 7 4 0 0 0 1 0 2 0 0 0 0 5 4 0 8 3 0 0 0 0 9 0 7 0 0 0 5 6 0 0 0 5 4 0 1 0 0 3 0 0 0 0 0 0 0 0 0 7 2 0 0 0 5 0,valid
0 0 0 0 0 0 0 0 0 7 0 0 3 0 0 0 1 6 0 0 4 0 9 6 0 0 7 0 0 2 0 7 9 0 6 0 0 0 3 6 0 1 8 0 0 0 5 0 3 2 0 1 0 0 0 0 0 2 8 0 3 0 0 0 2 0 0 0 5 0 0 0 0 1 5 0 0 0 0 2 0,invalid
0 7 0 0 0 0 0 9 0 0 0 4 1 0 2 3 0 0 3 0 1 0 9 0 4 0 7 0 0 0 0 0 9 0 0 0 2 5 7 0 0 0 8 3 6 0 0 0 6 0 0 0 0 0 1 0 2 0 8 0 6 0 9 0 0 8 3 0 9 1 0 0 0 4 0 0 0 0 0 8 0,invalid
2 0 7 0 8 9 0 0 0 0 4 0 0 5 7 0 0 0 0 8 9 1 0 0 0 0 0 1 9 0 0 0 0 4 0 0 8 6 0 0 0 0 0 9 2 0 0 4 0 0 0 0 8 1 0 0 0 0 0 2 8 3 0 0 0 0 5 3 0 0 4 0 0 0 0 3 4 0 6 0 9,invalid
0 0 5 6 0 9 1 0 0 7 0 0 0 0 0 0 0 8 0 2 4 0 0 0 3 7 0 0 3 0 1 0 9 0 6 0 0 5 0 0 0 0 0 1 0 4 0 0 8 0 6 0 0 5 0 4 6 0 0 0 5 9 0 5 0 0 0 0 0 0 0 4 0 0 2 9 0 5 6 0 0,invalid
0 0 5 7 0 0 6 0 0 3 0 0 0 5 6 0 0 1 6 4 0 0 3 8 0 5 7 0 0 0 0 0 0 0 0 0 4 0 2 0 0 0 1 0 9 0 5 0 0 0 0 0 4 0 5 1 0 0 6 9 0 8 2 2 0 0 0 1 4 0 0 3 0 0 3 8 0 0 4 0 0,valid
9 0 5 8 0 0 3 0 6 0 4 0 0 5 0 0 9 0 7 0 0 2 0 0 0 0 4 0 0 6 0 0 0 2 0 0 0 0 0 0 0 0 0 0 0 4 3 0 0 0 0 0 5 9 3 0 0 9 0 0 0 0 5 0 5 0 0 6 0 0 3 0 2 0 8 3 0 0 6 0 1,valid
5 0 0 2 0 6 0 0 7 0 0 7 9 0 5 2 0 0 0 0 9 0 4 0 1 0 0 7 8 0 0 0 0 0 2 1 0 0 2 0 0 0 7 0 0 6 9 0 0 0 0 0 8 3 0 0 5 0 7 0 3 0 0 0 0 6 4 0 3 8 0 0 1 0 0 1 0 2 0 0 6,invalid
0 4 0 5 9 0 0 2 0 0 0 0 0 0 7 0 4 0 0 0 0 0 3 0 0 0 6 6 9 0 3 2 0 0 7 4 8 0 0 0 0 0 0 0 6 0 0 4 0 6 9 1 0 0 0 0 0 0 4 0 0 0 0 4 7 0 0 0 2 0 0 9 0 0 2 9 5 0 0 0 0,invalid
0 0 9 0 0 0 1 0 0 4 7 0 3 0 0 0 9 6 6 0 0 0 1 0 0 0 8 0 0 0 0 9 0 0 4 0 0 0 2 5 0 4 8 0 0 0 5 0 0 3 0 0 0 0 1 0 0 0 8 0 0 0 9 5 2 0 6 0 0 0 8 1 0 0 8 0 0 0 3 0 0,valid
0 0 5 0 0 0 0 2 0 0 0 0 0 0 3 0 6 0 3 0 0 6 0 0 8 0 4 2 0 0 3 9 0 6 0 0 0 5 0 4 0 1 0 7 0 0 0 4 0 2 5 0 0 2 7 0 8 0 0 6 0 0 1 0 1 0 9 0 0 0 0 0 0 6 0 0 0 0 2 0 0,invalid
0 1 0 0 3 0 0 0 0 0 0 0 7 0 6 8 0 0 2 0 0 1 9 8 0 0 0 0 8 9 3 0 0 1 4 0 1 0 3 0 0 0 9 0 5 0 2 4 0 0 7 8 6 0 0 3 0 6 7 9 0 0 4 0 0 0 5 0 1 0 0 0 0 0 0 0 4 0 0 8 0,invalid
0 6 0 0 1 0 2 0 0 0 0 0 4 6 0 0 1 0 1 0 0 0 0 5 0 0 0 0 0 3 0 0 6 0 8 0 4 9 0 7 3 8 0 2 1 0 5 0 2 0 0 7 0 0 7 0 0 5 0 0 0 0 0 0 3 0 0 2 1 0 0 4 0 0 0 0 7 0 8 0 0,valid
0 4 0 0 0 5 0 0 0 6 0 0 0 9 2 0 0 0 0 0 0 3 0 1 0 8 0 0 6 0 0 0 0 0 1 0 1 0 0 0 5 8 0 7 3 9 0 7 0 0 0 2 0 0 3 0 0 6 0 0 0 0 0 4 0 0 0 6 0 1 0 7 0 0 9 0 0 0 0 0 0,invalid
0 0 8 3 0 0 4 0 0 0 6 0 0 2 1 0 3 0 0 0 2 0 8 6 7 0 0 0 1 7 0 0 0 0 0 4 0 9 6 0 0 0 2 7 0 8 0 0 0 0 0 1 6 0 0 0 9 5 6 0 9 0 0 0 5 0 1 7 0 0 4 0 0 0 1 0 0 2 3 0 0,invalid
2 6 0 4 0 0 0 3 9 0 0 0 0 6 2 0 0 0 0 0 8 0 0 0 6 0 0 4 0 0 3 0 1 0 0 0 0 9 0 0 0 0 0 7 0 0 0 0 9 0 7 0 0 2 0 0 9 0 0 0 4 0 0 0 0 0 7 5 0 0 0 0 3 4 0 0 0 9 0 8 7,valid
9 0 0 0 4 0 0 0 5 0 1 0 5 0 8 0 4 0 0 0 5 0 2 0 6 0 0 0 6 0 0 0 0 0 7 0 3 0 1 0 0 0 5 0 9 0 7 0 0 0 0 0 1 0 0 0 4 0 1 0 3 0 0 0 3 0 6 0 2 0 9 0 7 0 0 0 3 0 0 0 1,valid
0 4 2 0 8 0 0 5 6 6 0 0 0 0 0 9 0 0 0 0 0 0 3 0 0 4 7 0 0 0 9 4 0 0 0 0 4 0 3 1 0 7 2 0 9 0 0 0 0 2 3 0 0 0 2 3 0 0 6 0 0 0 4 0 0 6 0 0 0 0 0 5 7 6 0 0 9 0 0 8 0,invalid
0 8 0 2 0 0 0 9 0 6 0 0 0 7 0 0 0 8 0 3 4 0 0 0 7 5 0 0 0 0 0 2 6 0 0 3 0 1 0 0 4 0 0 7 0 2 0 0 7 9 0 0 0 0 0 2 6 0 0 0 4 3 0 8 0 0 0 5 0 0 0 7 0 7 0 0 0 9 0 2 0,valid
0 0 0 0 0 0 0 0 0 0 4 0 0 1 6 0 0 8 6 0 0 0 0 0 0 2 7 0 0 0 0 9 7 0 4 0 0 0 8 4 0 0 0 0 0 0 0 0 0 0 0 7 9 0 0 8 2 3 0 0 0 0 0 0 3 0 8 0 2 0 6 0 0 0 1 0 5 0 3 0 0,valid
0 0 0 0 2 0 3 5 0 2 0 0 0 0 4 9 0 0 0 7 0 0 0 6 0 1 2 0 0 0 0 3 0 0 7 0 7 0 0 1 0 0 0 0 0 1 0 9 6 7 0 4 0 0 0 0 0 0 0 0 0 0 0 5 0 0 0 0 5 0 0 1 0 8 0 0 0 1 5 3 0,invalid
0 6 0 0 3 0 0 5 0 0 0 5 0 0 6 1 0 0 1 8 0 0 0 9 0 3 6 0 0 0 0 7 0 0 0 1 0 0 3 8 0 2 9 0 0 8 0 0 0 6 0 0 0 0 7 9 0 6 0 0 0 1 8 0 0 6 4 0 0 6 0 0 0 2 0 0 9 0 0 4 0,invalid
9 0 0 0 5 0 0 8 1 0 2 4 0 7 0 9 0 0 6 0 0 4 0 0 0 0 0 0 0 0 1 9 8 0 0 0 0 0 0 3 0 2 0 0 0 0 4 0 7 6 5 0 2 0 0 3 0 6 0 0 0 7 0 2 0 0 0 8 0 0 6 0 4 0 0 0 2 0 6 0 8,invalid
0 0 0 0 0 0 0 6 0 0 0 1 7 4 0 3 8 0 0 0 0 9 0 0 7 0 1 4 0 0 0 7 9 0 0 8 0 0 9 4 0 1 6 0 0 0 0 7 3 8 0 9 0 0 0 4 6 8 0 0 0 3 0 3 1 0 5 9 0 0 0 0 0 0 8 0 0 0 0 0 0,valid
1 0 0 0 0 5 0 0 7 5 6 0 0 0 0 0 9 8 0 8 0 6 0 0 0 1 0 6 0 0 0 2 0 0 0 5 0 0 0 3 0 8 0 0 0 0 3 0 0 9 0 0 8 0 0 2 0 0 0 3 0 7 0 8 7 0 0 0 0 0 6 1 9 0 0 4 0 0 0 0 3,valid
0 2 0 0 8 5 0 0 0 0 0 0 4 0 0 7 0 0 0 0 0 3 0 1 0 5 0 3 0 4 0 0 0 6 7 0 9 0 0 0 0 0 0 0 4 0 5 7 0 0 0 9 0 3 0 8 0 5 0 4 0 0 0 0 0 9 0 0 7 0 0 0 0 0 0 1 9 0 0 6 0,valid
8 0 0 7 0 0 0 0 2 0 0 4 0 3 0 0 9 0 9 5 0 0 0 0 6 0 0 0 0 0 5 8 0 0 0 1 0 2 0 9 0 4 0 1 0 4 0 0 0 2 6 0 0 0 0 0 1 0 0 0 0 2 9 0 4 0 0 9 0 1 0 0 5 0 0 0 0 8 0 0 4,invalid
0 9 0 2 0 5 0 0 0 0 0 6 0 9 0 0 0 2 0 1 0 0 4 0 3 5 0 3 0 0 0 0 0 0 0 1 0 8 9 0 0 0 4 2 0 7 0 0 0 0 0 0 0 6 0 3 2 0 1 0 0 9 0 9 0 0 0 3 0 1 0 0 0 0 0 4 0 9 0 3 0,valid
9 0 0 0 0 0 0 0 8 7 1 6 0 0 0 4 2 9 0 0 2 0 0 4 6 0 0 0 0 0 6 0 0 0 0 0 0 5 0 1 0 8 0 6 0 0 0 3 0 0 5 8 0 0 0 0 4 7 0 0 1 0 0 6 9 7 0 0 0 5 3 2 5 0 0 0 0 0 0 0 4,valid
3 0 0 6 0 7 0 0 0 0 0 0 0 1 0 2 0 0 8 0 2 5 0 3 1 0 0 1 0 4 0 0 0 6 0 7 0 7 0 0 0 0 0 4 0 5 0 9 0 0 0 3 0 1 0 4 3 1 0 5 7 0 0 0 0 0 0 3 0 0 0 0 0 0 0 7 0 2 4 0 5,valid
0 0 0 0 8 0 0 0 3 0 0 0 0 5 0 6 9 0 8 0 0 3 0 6 0 5 0 0 0 4 0 0 8 5 0 0 1 9 0 0 0 0 0 4 2 0 0 7 4 0 0 9 0 0 0 7 0 5 0 9 0 0 0 0 8 1 0 7 0 0 0 0 5 0 0 0 4 0 6 0 0,invalid
2 0 0 0 9 5 0 0 3 0 0 0 0 0 4 0 0 0 9 3 4 0 0 0 8 5 7 1 0 6 0 8 0 0 7 0 0 0 0 2 0 6 0 0 0 0 7 0 0 4 0 9 0 6 8 1 5 0 0 0 4 3 9 0 0 0 4 0 0 0 0 0 4 0 0 3 5 0 0 0 8,valid
0 5 0 0 0 0 0 3 0 0 0 0 0 9 4 0 0 0 0 3 4 0 0 2 1 8 0 0 0 8 0 4 6 2 0 0 0 0 0 7 0 1 0 0 0 0 0 1 2 8 0 6 0 0 0 6 2 0 0 9 3 1 0 0 0 0 0 2 8 0 0 0 0 9 0 0 0 0 0 6 0,valid
0 0 6 0 0 0 8 0 0 0 3 0 6 0 5 0 9 0 0 0 8 2 0 3 7 0 0 0 8 9 0 7 0 5 6 0 0 0 0 8 0 7 0 0 0 0 6 2 0 4 0 3 8 0 0 0 3 7 0 1 9 0 0 0 5 0 9 0 4 0 3 0 0 0 4 0 0 0 6 0 0,invalid
0 0 0 0 2 0 0 0 0 1 4 0 6 0 7 0 3 2 0 2 0 3 0 8 0 7 0 0 5 3 0 0 0 2 4 0 2 0 0 0 0 0 0 0 3 0 7 1 0 0 0 8 6 0 0 1 0 9 0 3 0 5 0 9 6 0 7 0 4 0 2 1 0 0 0 0 1 0 0 0 0,valid
6 0 0 0 1 0 0 0 8 4 0 0 7 0 9 0 0 6 0 5 0 6 0 2 0 7 0 0 9 1 0 5 0 7 6 0 8 0 0 0 0 0 0 0 2 0 4 6 0 2 0 8 1 0 0 5 0 3 0 8 0 4 0 9 0 0 2 0 1 0 0 7 1 0 0 0 7 0 0 0 9,invalid
3 0 0 8 3 0 0 5 0 0 0 0 0 0 0 0 0 3 0 8 0 0 0 1 2 9 7 0 0 0 3 1 0 0 0 0 4 0 1 9 0 2 3 0 5 0 0 0 0 4 5 0 0 0 0 0 3 5 0 0 0 2 0 2 0 9 0 0 0 0 0 0 0 1 5 0 2 3 0 0 6,invalid
0 0 1 7 6 0 2 0 0 8 3 0 0 0 0 0 4 1 0 0 0 0 0 0 0 0 0 1 0 0 0 5 7 0 0 4 0 4 0 8 0 2 0 5 0 9 0 0 1 4 0 0 0 8 0 0 0 0 0 0 0 0 0 7 1 0 0 0 0 0 3 6 0 0 8 3 7 0 9 0 0,valid
4 0 7 0 0 0 0 9 0 0 6 1 0 0 0 0 0 0 0 0 0 7 0 0 1 5 0 0 0 6 3 0 4 0 0 7 3 4 0 0 0 0 0 8 6 1 0 0 8 0 2 5 0 0 0 8 5 1 0 0 0 0 0 0 0 0 0 0 0 8 6 0 0 2 0 0 0 0 7 0 1,valid
0 0 0 9 8 7 0 0 0 1 0 0 6 0 2 0 9 0 0 0 0 0 0 0 7 0 0 4 6 0 0 0 8 0 2 9 9 0 0 0 0 0 0 0 4 7 5 0 3 0 0 0 6 1 0 0 9 0 0 0 0 0 0 0 8 0 7 0 4 0 0 3 0 0 0 2 1 5 0 0 0,valid
0 0 9 0 0 7 5 0 0 0 4 3 0 6 0 9 8 0 5 0 0 0 0 0 0 0 7 6 0 0 7 4 0 0 0 0 0 9 0 5 0 2 0 4 0 0 0 0 0 3 9 0 0 5 9 0 0 0 0 0 0 0 4 0 3 6 0 5 0 8 7 0 0 0 1 9 0 0 3 0 0,valid
6 0 7 0 0 0 0 0 0 2 0 0 0 0 5 0 7 0 0 5 0 1 0 0 0 0 2 0 0 0 6 0 0 0 0 9 0 0 4 0 0 8 0 4 0 0 0 0 0 0 0 6 5 0 0 0 0 3 0 0 0 0 4 0 4 8 0 9 0 0 0 7 5 1 0 0 4 0 0 0 6,invalid
0 0 0 0 0 0 0 0 0 9 0 2 4 0 3 1 0 5 0 4 5 2 0 1 9 3 0 0 1 9 0 3 6 5 2 0 0 0 0 0 0 0 0 0 0 0 2 6 5 1 0 8 7 0 0 8 4 6 0 7 3 9 0 1 0 7 3 0 4 2 0 6 0 0 0 0 0 0 0 0 0,valid
0 9 0 0 1 0 0 6 0 4 0 3 0 7 6 2 0 9 5 0 0 0 0 0 0 0 1 0 3 0 7 0 4 0 0 0 7 9 0 0 6 0 0 1 2 0 0 0 1 0 9 0 7 0 9 0 0 0 0 0 0 0 7 3 0 7 8 4 0 9 0 6 0 8 0 0 9 0 0 3 0,invalid
0 0 0 0 3 0 0 0 0 0 4 0 0 0 6 0 2 0 8 0 9 0 0 1 7 0 3 0 7 2 0 0 0 0 0 0 1 0 0 0 6 0 0 0 5 0 0 0 0 0 0 3 4 0 2 0 3 5 0 0 8 0 1 0 4 0 9 0 0 0 3 0 0 0 0 0 2 0 0 0 0,invalid
1 4 0 0 0 0 0 7 0 0 0 0 0 6 0 0 0 0 0 0 0 8 3 0 0 4 1 0 4 8 7 0 0 9 5 0 0 1 6 5 0 9 8 3 0 0 0 5 0 0 2 4 0 0 0 0 0 6 2 0 0 0 0 5 0 9 0 7 0 0 0 0 0 0 1 0 0 0 0 6 8,invalid
0 0 0 0 6 0 0 1 7 0 3 5 0 0 2 6 0 0 0 0 0 0 0 0 0 2 0 5 0 0 0 4 0 0 0 1 6 0 0 7 0 1 0 0 8 0 7 0 0 3 0 0 9 0 0 1 0 0 0 0 0 7 0 0 0 7 8 0 0 0 3 0 8 6 0 0 9 0 0 0 0,valid
6 3 8 4 0 5 1 0 0 0 0 0 0 0 0 0 6 0 0 1 2 0 0 0 0 0 5 4 0 0 1 8 0 0 0 2 0 0 0 0 5 0 0 0 0 2 0 0 0 4 9 0 0 3 1 0 0 0 0 0 7 9 0 0 5 0 0 0 0 0 0 0 0 0 7 3 0 1 8 5 6,valid
0 0 0 0 0 0 8 0 0 5 0 2 0 0 0 0 3 4 8 1 0 3 0 0 7 5 2 0 6 5 0 0 0 0 0 1 0 0 0 0 0 0 3 0 0 0 0 0 1 9 0 0 4 0 0 0 7 0 0 2 0 0 0 0 4 0 0 0 0 1 0 3 0 0 0 4 0 0 5 8 0,valid
0 0 6 0 9 0 0 0 0 0 0 0 3 0 0 0 0 4 0 0 0 0 0 0 8 7 0 0 2 5 0 0 0 4 0 0 4 0 1 2 6 0 0 0 0 6 0 0 0 1 9 2 0 0 0 0 0 8 0 0 0 0 1 0 5 0 0 0 7 0 0 3 0 0 0 0 2 0 0 0 0,valid
8 0 0 9 0 2 0 3 0 0 0 0 5 0 8 0 2 6 0 6 0 0 0 0 5 0 0 9 2 0 0 0 0 0 8 9 0 0 0 3 0 4 0 0 0 4 1 0 0 0 0 0 6 5 0 0 1 0 0 0 0 0 0 6 3 0 7 0 5 9 0 0 0 5 0 6 0 1 0 0 3,invalid
0 1 0 2 0 0 0 5 0 0 0 9 5 0 0 7 0 0 5 0 0 0 6 9 0 0 2 0 0 0 1 8 0 0 0 0 3 0 0 6 0 2 0 0 8 6 0 0 0 5 3 0 0 1 1 0 0 4 9 0 0 0 7 0 0 2 0 0 5 9 0 0 0 7 0 0 0 8 0 1 0,valid
0 1 5 0 0 4 9 3 0 0 0 9 0 8 0 4 0 0 0 0 0 7 0 0 0 6 0 9 0 0 0 0 0 2 0 0 0 3 0 0 4 0 0 5 0 0 0 1 0 0 0 0 0 4 1 7 0 0 0 8 0 0 0 3 0 6 0 1 0 8 0 0 0 0 0 2 0 0 6 4 0,valid
3 0 0 9 8 7 0 6 0 4 0 0 6 0 5 0 0 9 0 0 0 0 2 0 0 0 0 7 8 0 0 0 0 0 5 1 1 0 6 0 0 0 8 0 2 2 3 0 0 0 0 0 7 6 0 0 0 0 7 0 0 0 0 5 0 0 2 0 8 0 0 0 0 2 0 5 4 6 0 9 7,valid
0 0 1 0 0 0 9 3 0 0 0 0 0 7 0 0 0 4 8 0 0 0 0 0 0 0 0 0 0 0 3 0 0 0 0 9 0 4 0 0 8 7 0 0 0 2 0 5 0 6 0 0 9 0 5 0 0 0 0 0 6 0 0 0 0 8 7 0 5 0 1 0 4 7 0 6 0 0 3 0 0,invalid
0 0 0 9 6 0 1 0 0 0 0 0 0 1 7 0 6 0 0 0 0 0 0 8 9 0 0 0 7 6 0 0 0 0 0 7 4 3 0 0 0 0 0 5 2 9 0 0 0 0 0 8 4 0 0 0 1 8 0 0 0 0 0 0 5 0 4 2 0 0 0 0 0 0 2 0 9 1 0 0 0,invalid
0 0 0 8 3 2 0 0 0 0 0 0 7 0 0 0 0 0 4 0 5 0 0 0 3 0 2 0 9 0 0 8 0 6 5 0 1 0 0 0 0 0 0 0 4 0 4 3 0 7 0 0 1 0 2 0 9 0 0 0 4 0 6 0 0 0 0 0 3 0 0 0 0 0 0 9 6 8 0 0 0,valid
